"population","actual"
171,0
5715,9
4522,8
8273,27
1755,3
8466,18
2250,2
413,0
6172,15
1591,5
2171,5
6444,14
3968,8
9230,11
5096,12
282,0
8753,20
2386,3
416,0
2651,5
10043,15
2247,12
4020,9
2093,1
10066,21
4181,6
9567,14
5860,14
4938,14
8518,13
571,1
9771,18
8614,17
703,2
4253,10
445,2
3312,7
2457,9
8531,17
1517,2
3237,4
8771,16
8705,21
4993,11
5412,9
4265,10
3646,8
474,0
2892,5
1595,4
7184,15
8399,15
4183,10
8002,17
9853,17
4193,4
2662,4
9617,17
2295,5
4580,7
6655,14
6565,10
1737,3
4372,8
9004,25
10036,22
6687,15
1484,2
3369,12
2101,5
2217,1
9332,23
945,1
5753,14
2930,4
6855,13
5584,17
4476,11
7292,15
5732,14
9433,13
7776,17
7545,19
2176,3
5147,11
8939,21
2952,5
3305,2
6696,10
9488,19
2683,4
1180,1
9912,21
5243,7
1540,4
6230,9
3374,9
2412,4
6973,14
10051,14
8359,19
3369,5
1858,0
6978,16
9383,18
1213,1
9926,16
1460,4
4836,11
9320,19
822,0
6555,12
1907,4
8920,24
7103,22
8900,11
3965,10
290,2
4730,7
8190,11
6096,10
8245,17
6528,15
1385,1
4102,11
7689,18
8793,19
1894,4
2536,7
4721,6
4771,4
5058,10
7835,15
2821,4
5080,4
7825,21
3501,10
7010,15
8825,18
5239,12
887,0
9305,18
7912,11
4217,7
3360,4
6949,15
6044,18
1247,1
9776,19
5504,14
5442,11
5551,8
9499,9
7159,15
4087,3
3514,15
8144,17
10023,24
1032,3
6660,12
1838,3
8165,20
1030,5
5077,8
5657,12
5034,15
7871,20
5889,10
3224,7
6483,8
7919,15
8497,19
5700,7
8393,14
2339,3
2357,2
3304,6
5868,12
4955,15
2207,4
7965,14
3137,5
5987,9
521,1
4163,9
1377,2
7152,15
8978,13
911,0
8908,20
7835,15
7381,17
9249,14
3967,13
8441,14
7596,10
5673,10
256,2
6773,11
9377,19
4199,10
5933,11
8670,13
5589,13
5033,9
3825,6
4331,3
9484,15
3851,7
3760,10
6180,9
5696,8
4645,7
4006,12
7661,6
5108,11
7886,16
8477,16
692,4
8048,18
190,0
9743,20
7174,19
6844,7
7616,19
5516,18
5916,10
7387,17
9673,26
8342,20
4264,6
6522,12
5357,9
4863,7
8352,13
5362,10
6290,11
958,3
6305,9
1966,5
8849,16
1587,3
1483,2
9756,19
5112,15
611,2
505,0
7480,17
8658,16
8247,19
2577,7
9993,21
8176,16
1071,2
1482,2
7645,8
3244,7
8118,12
3283,4
9598,15
5554,9
3247,8
865,2
7176,19
5507,12
6408,16
9165,21
5659,11
4568,12
4541,9
1968,7
1080,3
3965,9
9041,19
7999,12
9197,15
5133,18
1908,2
6114,7
8650,23
5541,10
9524,18
2137,5
4224,5
5835,10
8191,8
5480,16
6983,11
3668,2
7069,12
9460,22
2535,1
1514,1
6314,11
3981,10
1744,0
8864,20
6913,9
5978,10
8700,16
7704,20
7114,14
2261,2
1978,6
8801,28
8022,18
6317,14
7169,15
9201,17
7308,18
9279,23
2625,9
3180,5
6902,19
6149,9
1290,4
3308,7
8677,23
6379,9
7799,17
972,1
9996,14
9662,23
5513,10
4353,10
6454,17
3229,8
2634,5
6954,12
3687,6
7782,15
389,1
1087,1
4419,6
4233,4
3823,10
8907,26
9403,18
471,0
1267,2
8975,17
829,1
8487,13
9136,16
3436,8
9294,15
10053,27
8715,23
6427,16
4952,14
744,2
8607,14
5972,12
3833,7
9457,15
8088,20
565,2
7538,24
6236,14
2375,7
1189,3
8199,22
3553,8
9975,23
9092,20
5311,11
4227,5
7604,16
3397,9
8312,17
6473,8
7167,10
4657,13
7545,19
6172,13
3718,5
4614,10
1093,5
8296,20
1619,3
5145,6
1528,6
1625,2
5569,14
2736,5
3810,4
5860,7
9266,17
3474,8
8605,20
941,1
1740,3
6439,11
7477,18
1072,3
4658,6
4570,4
1276,1
3291,4
7277,12
9493,19
6382,20
5491,6
2084,4
1816,3
6689,9
8598,12
730,3
9730,15
3088,10
6364,14
1778,2
4691,5
1318,0
6466,6
8162,11
2459,7
4187,10
8871,18
5836,10
7695,16
8286,23
124,0
5521,7
10076,16
9541,20
3811,2
6937,20
1822,6
3735,6
9483,20
909,1
8791,19
1206,2
4587,8
3515,9
1909,4
8232,15
9334,18
7887,17
6521,10
9979,16
2516,5
9409,13
2576,5
2086,2
3234,12
6483,12
5309,14
2146,3
3876,4
4834,8
745,1
8448,16
4205,5
308,1
5980,11
4613,8
5462,12
6245,13
4021,4
2317,5
9349,28
7946,25
4374,6
8850,24
7252,10
3066,6
5067,9
5527,10
740,1
4743,11
4919,8
7836,19
5610,7
5376,8
5218,9
2090,4
4845,7
4928,13
3016,5
1373,4
10027,17
9823,18
4941,13
8907,17
1771,4
2543,6
2882,4
3418,8
4466,14
5356,9
6637,17
7473,14
2058,4
8764,21
5733,15
2631,5
9333,17
7815,17
5859,10
4785,9
4634,7
5525,16
7777,12
2705,3
2871,5
823,4
7709,21
1368,4
8405,16
7376,23
1781,5
2952,9
6415,12
5106,7
1552,2
7801,13
1328,2
6758,13
4694,12
3844,4
5449,16
8139,24
3601,8
4478,8
7286,19
5149,12
1469,2
4806,13
3409,6
8654,25
3478,5
3421,4
8577,13
9971,19
7150,10
2700,6
5163,6
9177,18
9987,15
7100,15
9182,17
795,0
7624,20
6424,13
8510,20
5952,20
6797,17
5929,8
8631,17
8350,20
7762,9
5446,13
3938,10
9165,15
3534,5
4487,13
9952,27
603,2
9697,21
4876,12
465,0
7856,19
420,1
1970,4
8686,21
2929,10
8339,13
5185,8
1901,1
4791,12
5247,10
3628,9
7488,10
4697,7
5336,10
3686,6
6026,12
3706,2
4092,4
8426,15
3139,9
7414,20
8571,19
1111,1
3980,14
6216,15
8304,18
432,6
921,1
9287,14
5368,9
9745,23
8737,22
2445,6
2987,8
5285,12
1637,3
4624,13
8858,14
9114,19
3015,5
5864,11
8310,13
3252,7
4082,8
1632,4
7324,15
8981,11
2905,4
2064,2
3509,8
9732,16
1582,4
5339,19
9379,15
7417,23
6392,14
2989,6
222,1
279,0
481,1
7241,13
155,0
8810,21
1575,1
6467,16
1215,3
928,2
7298,13
572,2
1699,4
381,1
8439,20
6698,19
1092,1
6535,15
7516,20
6658,12
5811,5
4065,13
6357,13
9032,18
3737,12
7605,21
7597,14
6135,11
5550,15
8565,11
7349,15
1971,4
9801,14
7846,18
7795,16
3234,8
3154,9
8473,17
659,3
8424,13
3477,11
8766,21
1558,2
2050,1
1831,1
2501,8
8487,20
1213,0
8422,10
6504,14
1322,4
870,2
3533,8
954,2
2952,6
4575,9
744,4
2283,9
8869,20
724,2
2511,7
7689,20
2703,5
8323,13
8614,21
9679,25
3216,2
2803,0
9670,17
7777,17
2649,5
3092,7
4783,19
2975,9
4981,10
2348,5
7367,15
807,0
8019,18
6717,19
6651,14
6280,13
3801,6
6432,14
8563,22
8335,10
6426,22
5314,9
9151,16
7995,11
5664,6
7256,17
7790,13
4725,5
6923,11
2446,5
608,0
1945,5
7789,16
7812,14
2008,4
4444,10
9688,20
516,0
2871,2
744,1
3532,5
8632,22
4209,7
474,2
8595,19
8837,19
1457,2
6799,18
6014,9
7571,12
3958,10
5076,7
8341,15
4330,6
4624,5
7833,18
8444,15
3191,8
2664,11
2319,2
8141,14
3689,9
3700,7
5249,16
2349,5
8947,22
251,0
7606,15
9682,12
4470,12
1891,2
7279,11
8875,9
212,1
3422,7
8828,12
8898,18
7690,14
363,1
1919,1
9549,10
1830,4
8067,14
2343,5
5757,14
6553,8
1998,6
8631,17
6926,11
6165,12
3952,5
6018,11
1048,2
4349,9
6858,15
3653,3
3676,6
3552,7
436,2
2353,4
6251,18
857,2
7208,15
3099,3
7163,16
1702,6
9636,19
2037,4
5875,16
540,1
2584,4
6892,15
4171,6
5729,11
8500,19
4276,6
4956,11
9990,20
6542,12
4179,7
759,2
9135,20
2616,4
3741,4
7929,16
5869,14
4120,10
8581,19
262,1
5742,9
2551,5
5045,8
6624,15
8966,15
6062,12
533,0
5946,9
6909,9
5663,11
1421,0
4773,8
6952,16
7833,10
3872,10
9811,15
2136,4
684,0
9762,14
8268,17
1303,2
6068,13
6932,10
3600,5
3696,5
5183,14
753,1
422,0
9757,20
3705,3
6391,10
4747,13
9627,20
4762,9
7233,15
1990,6
7481,13
4775,15
6302,9
10033,16
7403,13
9680,25
3259,12
4042,3
805,1
1447,4
304,2
6047,12
7406,16
7489,23
2438,6
305,0
3378,9
6993,9
4892,18
543,1
7247,10
7351,16
407,0
6665,12
2358,5
1530,6
9877,13
673,1
4030,5
2438,8
8858,18
779,1
7815,11
4046,8
6611,12
678,1
4982,10
9236,23
2903,4
2661,5
8704,16
5812,12
764,1
5556,14
6418,13
8550,16
1352,3
2185,7
6808,18
7543,9
1677,2
8501,18
4985,9
588,1
1080,6
2088,7
6379,18
3222,7
7988,21
4975,13
8427,17
9874,11
2450,5
9330,20
9511,23
586,2
6043,9
7047,12
8139,21
9265,15
8241,12
574,1
9530,23
7508,22
2875,5
7163,11
8708,15
4786,8
6511,14
6642,15
7008,9
8386,13
1404,2
1692,1
1094,2
5625,7
3675,8
6902,9
7096,13
6885,17
1174,2
195,0
5012,8
3905,10
7502,13
5876,21
5100,11
3698,9
4233,8
3608,5
9369,21
3875,7
7682,14
5140,10
8099,19
3703,8
4730,8
8292,20
4242,8
8745,14
8003,9
5633,18
7229,17
838,2
6489,11
5835,16
5583,7
3425,6
3682,9
7773,12
7991,14
3182,4
1771,2
5281,5
7369,14
8107,7
9501,23
3802,6
6738,16
2159,4
3688,6
9314,18
2272,2
6660,10
7932,16
9503,16
9235,15
7970,25
5794,10
864,3
4964,8
8032,15
4140,10
6523,13
10094,16
7457,13
4584,8
8020,18
6611,11
4207,9
6998,10
2994,4
1015,5
4793,11
5177,13
6806,15
8690,19
4673,12
6122,18
8468,22
1046,2
1696,1
1565,9
6359,6
1295,2
5802,14
4585,11
6259,15
3665,9
364,3
4660,7
5478,10
2739,4
3108,3
6277,12
4784,11
7886,22
1768,5
1569,4
6366,9
9010,16
3176,7
3245,6
2830,6
6348,4
5181,7
7547,11
4595,8
933,3
792,2
5042,17
4317,7
2941,0
9199,13
2839,2
323,0
7186,19
7516,18
8179,13
8522,19
5385,12
703,3
10023,15
4034,8
8018,14
1945,4
5356,8
5862,10
6948,15
1016,2
2950,6
3593,5
4988,9
6533,11
2787,6
9477,23
6887,12
1829,3
2971,8
4333,8
7979,13
2669,5
8272,20
207,0
7714,15
1350,2
8228,20
6596,16
3627,4
6251,15
6700,15
8854,19
9158,16
1088,0
8246,16
6541,17
9819,22
2009,9
2102,6
7252,11
3477,5
1686,3
7447,16
4369,14
9710,14
9044,22
1113,3
3020,7
3819,8
2920,7
7744,23
7714,14
4238,7
303,2
2870,5
5793,11
4361,12
6523,12
9574,15
4909,12
6583,19
8313,19
5919,9
2015,9
7720,13
9359,9
9369,17
704,0
9092,18
7205,10
502,4
1926,4
4937,8
7039,11
1315,3
7512,18
6010,9
812,4
2501,3
5725,11
2099,10
4663,9
8210,16
1876,4
6070,18
5089,10
8431,19
3223,8
3775,8
8780,9
2121,3
3736,9
1711,3
1648,1
8717,21
3150,3
6254,15
9298,20
3285,5
9287,16
9794,19
2905,10
2588,6
8256,17
4791,6
5388,6
1164,2
10044,20
4878,8
831,2
8070,15
2725,12
2119,6
833,0
9406,23
6460,10
4836,7
8801,17
9686,22
893,0
1148,2
7873,19
4530,14
2319,6
4863,12
2721,5
4366,10
8398,20
8516,18
6079,12
1073,3
4160,9
3202,7
6013,13
6205,16
8560,15
9152,13
3739,4
9838,31
7471,15
7187,8
1137,1
6003,16
1297,3
6490,10
7015,15
147,0
1737,5
6357,9
8882,20
6246,13
2322,3
2376,10
8229,16
4194,9
3650,6
4214,11
3255,6
5721,12
4815,8
2379,3
1264,3
1178,3
9817,18
8626,19
4143,9
4062,9
1418,3
2626,5
6880,5
7392,16
3234,5
4860,12
2358,4
6574,14
2089,6
479,0
1806,2
9241,15
4770,9
9697,20
3858,7
3808,9
5052,7
3831,2
5860,20
2279,7
3266,4
1571,2
2292,5
3681,9
3125,8
5706,13
9743,23
5067,13
9534,21
5449,10
8975,17
7570,17
6196,15
7837,11
2090,1
6898,15
8004,11
361,1
3495,10
8063,12
6292,14
3028,5
1110,3
9206,15
8058,11
7456,16
7392,14
8890,14
560,2
5992,16
9315,16
1245,1
7337,15
3182,8
6166,11
5034,7
7652,13
5233,8
3629,7
1853,2
7358,25
3063,5
5244,7
8400,18
9429,18
1924,2
8824,17
1528,2
1034,1
4098,9
5305,10
5431,7
6702,11
7175,9
5699,9
8492,16
949,2
5500,11
1985,2
7324,18
7689,17
3210,7
6371,13
6760,6
4827,13
7393,16
6395,14
1535,1
8042,19
3717,7
7855,14
1793,4
5524,5
6465,12
1442,3
402,0
10058,12
2394,6
8968,21
1764,4
5764,16
9687,17
4034,5
7154,13
1988,3
2186,7
1354,2
5687,16
6236,16
3682,3
8035,14
8141,18
9273,10
8142,12
7156,12
439,1
9286,20
2065,2
2111,3
600,0
3340,3
660,0
4880,11
3887,8
7486,17
9371,18
2018,2
7971,21
6937,13
1751,4
1645,0
2482,6
8825,18
161,0
9436,18
7446,16
191,0
9219,15
4154,14
4637,10
2562,6
1039,1
8396,20
9933,20
3345,4
9379,15
5518,10
1287,2
756,0
2973,3
1764,3
6971,21
2334,5
9833,18
7915,18
10046,17
6132,14
5992,10
4224,9
9993,17
1622,5
6429,9
8459,13
1341,1
7878,15
4130,8
4853,10
9849,19
8094,15
1251,4
1946,1
322,0
8400,13
7133,12
6001,9
2557,7
691,0
4688,10
6475,16
6741,10
3753,8
3031,4
6695,9
6750,10
2709,7
6483,22
1413,2
691,1
5878,12
4945,14
9465,24
2991,12
1803,2
2702,3
3936,5
8464,18
7106,21
7202,10
8079,20
1486,0
5786,6
6184,19
7368,18
8178,13
5414,9
3317,5
2610,11
4690,10
1028,2
3599,6
8252,22
603,4
5826,16
2587,4
7284,17
2556,8
1656,4
1346,3
9599,13
4895,14
669,2
6948,19
5053,10
2318,2
9880,23
4973,10
2668,1
7864,23
4527,6
165,1
4095,9
3504,7
8439,16
9506,25
5570,10
4871,7
2143,7
4989,14
351,0
5313,14
9000,22
1014,3
6241,12
6810,12
3477,11
9025,24
3379,7
2879,5
9333,26
5175,10
7956,15
2421,4
1825,6
986,2
5004,17
6164,15
9625,14
7082,20
3034,7
7947,14
4419,5
8923,28
4506,11
1586,3
7436,16
1155,2
2093,6
2864,7
4841,9
3010,3
6515,14
8156,18
4893,9
8738,17
3349,8
8329,21
4103,5
8198,10
3886,5
6393,9
525,0
4670,8
5814,14
6035,17
2496,5
7419,14
3056,4
9025,16
2358,9
973,1
4537,11
766,2
4417,11
3838,6
6702,6
3502,8
5871,12
4748,8
4899,10
2350,5
7023,16
4399,13
1513,4
5730,15
4003,5
9055,20
3186,10
1815,1
572,5
1543,3
8286,10
1724,4
6415,10
5107,11
1768,4
5436,16
7806,20
6894,17
3760,6
8405,11
4817,7
5776,18
8479,26
8829,19
9802,25
3266,8
9490,23
2434,6
8495,14
5796,15
10095,20
1638,4
4897,12
5738,10
5869,12
3842,6
8617,15
2687,4
2456,4
2489,5
2836,5
5896,15
3252,4
3429,7
242,0
2478,8
3855,5
1486,4
5439,9
6897,17
1298,2
2335,8
1076,2
1983,3
2457,3
3515,9
1267,3
9786,15
6800,19
7110,16
5421,13
5172,12
1742,8
2482,7
6115,8
8006,13
2360,8
7162,12
7102,14
9981,20
6400,12
8883,28
1302,2
8870,17
4066,7
6889,19
5514,10
9987,18
4552,8
9397,18
6299,12
4784,5
3804,4
5856,21
4220,9
511,0
1177,3
8442,24
5461,17
2505,4
9505,23
3553,7
7010,18
6920,11
2046,5
491,0
7105,15
5822,14
6713,16
5439,10
2513,0
9693,19
8955,23
7190,13
9798,23
1075,2
8949,19
6496,15
7508,18
6554,14
7250,6
6328,16
2136,4
8290,16
5185,6
1218,4
9504,19
8468,14
8963,14
2449,7
6420,8
7955,11
7258,9
1497,4
2599,5
5635,10
1427,2
8052,18
5122,14
6125,16
385,2
2561,6
6221,20
6822,13
1569,4
8471,23
6496,18
9820,22
288,0
6867,17
3373,6
8302,11
1275,3
5580,11
6398,17
6513,14
1921,2
719,2
9369,16
8840,19
2991,5
7544,19
889,1
3690,12
9123,11
9378,14
7062,18
4744,8
5892,8
8194,14
3273,9
3099,8
377,1
3670,8
8470,21
588,1
4704,11
8857,19
9754,19
809,2
6659,9
6991,10
9575,15
8991,26
4333,14
6594,9
233,1
4459,9
7167,21
2069,3
6049,10
9296,13
9939,20
6795,17
3978,15
7568,13
1536,3
2521,4
3733,7
1838,5
10018,22
9357,22
8729,13
7601,18
5079,12
1645,3
1050,1
4593,9
8276,12
3452,5
6561,14
6315,11
7397,14
8715,17
1196,1
10084,19
587,0
4889,12
5372,11
4107,12
5756,14
9675,17
10082,24
3607,11
7651,16
5226,13
7261,17
1456,3
2434,6
1762,3
1994,5
6763,14
566,0
4227,11
1288,3
1465,4
8556,13
4242,7
6290,9
7971,11
4175,8
6405,13
6928,11
1717,1
7586,17
2517,5
1065,2
2779,5
9810,11
3894,9
2805,11
3169,4
956,1
3659,4
5444,8
515,0
5956,9
10004,17
2571,10
5308,15
8579,20
5606,8
8609,15
8488,10
5479,12
1546,2
1272,2
7620,15
6037,17
796,0
9601,21
8573,13
7658,17
9245,12
1328,3
3511,6
196,0
2061,4
1600,1
6702,11
848,0
7646,15
9104,25
7034,16
2793,10
7777,11
3492,7
946,1
9516,24
8367,13
5139,8
5219,12
1750,4
8122,20
3844,5
974,3
10091,23
2297,3
5004,10
1981,7
7575,17
7012,17
2808,6
8622,22
782,0
2184,2
5398,12
8944,13
850,1
10089,22
10050,19
4313,10
7112,17
1228,0
6024,16
9345,16
1879,5
8248,16
5867,13
6459,17
1374,4
1809,5
1959,3
9828,12
3535,3
1047,1
9771,22
8482,16
3701,8
4956,16
3297,5
1174,0
3153,6
2789,2
1443,1
2675,2
3310,2
6083,14
3854,11
7202,11
8659,21
2535,10
4991,6
7932,12
9648,20
8580,13
6689,17
5634,13
529,1
1560,6
6983,16
6752,14
1558,3
3652,10
4203,11
4659,9
6748,10
8986,13
1884,1
8052,13
6309,18
5728,13
1560,3
1012,4
4552,9
9587,27
382,0
7930,19
4603,11
8335,15
1438,2
634,1
9208,17
6955,11
425,0
3243,7
7182,17
8170,16
737,0
1008,1
5011,10
8388,15
8663,12
5061,6
4545,10
1417,3
7770,10
1008,1
9787,26
7442,12
2250,3
2816,4
9721,24
9159,22
135,0
8457,20
8158,12
7729,14
270,0
3613,6
9170,22
2118,4
5701,17
1166,1
2614,8
8180,19
2913,6
5543,12
6611,16
5571,10
6079,18
5695,15
9610,23
3646,5
3542,5
8023,20
3151,4
9303,17
4878,10
2296,5
1416,2
3848,6
3570,7
4115,7
4390,15
3066,3
2508,5
1261,1
2146,2
2000,5
8764,22
6571,13
2305,11
8842,16
593,0
5421,12
204,2
595,0
5191,9
5361,7
3927,11
6223,9
6262,9
7237,9
3125,3
7407,17
1674,4
7320,17
5621,16
393,1
1370,3
5894,12
5893,8
1576,1
319,0
678,0
1076,0
8730,20
6224,11
1982,4
647,1
6384,14
7437,13
3625,6
9467,24
4152,10
6039,12
3568,7
1552,5
3440,5
2037,5
5577,7
3461,9
6722,9
3206,6
156,2
655,1
2170,6
4926,9
9304,18
5872,11
6141,16
5617,7
8985,25
6997,11
9082,20
1896,4
4048,10
3011,9
5875,7
3303,4
7637,15
9207,25
9425,18
9528,14
3471,6
3820,6
5073,14
4986,11
3145,4
385,0
1994,5
6027,10
1365,4
8424,20
9190,18
7324,6
4667,8
6101,12
4242,6
8868,17
2160,2
137,1
5069,10
6768,10
1760,3
6443,16
5285,10
1932,5
9255,16
6160,11
7914,17
6572,13
5489,15
2737,10
9098,20
622,1
2221,7
5364,11
9206,13
4946,10
5911,11
2686,4
6144,11
5299,10
6350,14
3144,2
7663,12
1111,3
4431,13
7902,14
8249,20
1385,2
4674,9
8259,14
2813,8
5415,8
2295,5
2748,4
8961,14
736,0
8142,14
1056,3
1521,2
6583,8
2806,8
8894,22
711,2
887,1
8323,19
5821,18
5684,7
2847,8
4464,11
1396,3
6765,12
8495,18
7308,11
6746,11
2629,7
1070,4
7744,14
7489,10
9542,27
9318,15
8906,13
4204,6
8654,24
5839,8
8205,18
2628,5
7900,14
647,2
1952,4
3758,6
1013,1
4033,10
6693,12
9523,14
7202,15
4870,13
6525,13
1560,5
1016,0
8996,27
710,0
4864,11
331,2
5366,16
7142,20
9799,26
6548,9
5699,18
5250,12
1519,6
9861,15
9000,18
6419,13
6482,10
4645,11
2799,8
1581,0
3078,7
4654,8
1447,2
6700,11
3753,9
8078,14
5848,11
9284,16
6461,19
7911,12
1065,2
2039,4
9039,18
6715,9
2039,1
4472,4
9609,10
234,1
7382,13
404,0
9947,17
6895,14
8330,20
9881,7
7402,17
8557,25
9557,25
3998,6
2850,5
4960,11
2006,2
7454,24
5086,12
5510,13
9622,20
9762,22
8784,11
7997,23
691,2
7382,21
7067,21
289,2
7047,13
9436,24
8225,17
4469,7
8125,14
4895,8
2282,3
7974,14
8725,18
1148,3
4529,9
2197,3
942,2
6827,14
9275,23
4257,7
3800,9
1656,2
1071,1
1296,3
2584,3
9568,14
7817,18
2466,7
8545,17
3337,1
568,1
9429,19
8187,12
4212,10
8981,19
9948,14
4698,10
8596,18
9452,17
7038,22
8726,22
2314,3
720,1
4425,8
6446,14
8439,11
7524,18
1842,3
6489,15
8300,9
3301,4
8862,22
7688,4
1473,1
3642,7
5703,11
7846,14
7946,19
5974,15
4924,9
6975,14
3334,9
7656,23
7070,15
4065,5
9241,24
8147,14
360,2
3036,5
6311,12
8573,21
8268,20
8950,15
1975,3
3979,7
1891,3
1723,4
844,4
7469,13
8052,18
7037,15
5674,9
6612,12
1937,3
8389,14
8584,17
4103,5
1355,2
9842,25
2090,3
3827,11
5364,5
6979,15
1755,2
3373,9
7143,17
8696,16
1400,2
7947,13
9886,18
5932,9
2882,7
10050,20
151,0
5489,8
2364,2
2321,9
6680,12
2886,6
2079,4
9635,21
3034,7
7703,20
1586,4
1923,3
3999,8
5312,16
5265,9
7808,12
8509,16
364,0
6413,14
5331,10
7985,17
6079,9
5324,8
1327,3
8435,14
2481,4
8517,12
4756,8
3924,6
9578,15
1354,2
5014,14
338,0
7049,16
4669,6
434,2
7275,9
455,0
932,2
5845,11
2779,7
8357,14
1729,3
3915,11
8764,11
5897,13
7867,13
1293,1
9535,17
4886,8
5565,9
5588,11
7428,15
5400,14
5866,6
2041,5
6680,13
3065,12
6889,9
6036,14
1694,2
8074,23
4783,15
3669,6
6121,4
1782,3
2515,4
9105,16
9166,23
9273,18
4025,7
4282,11
9009,17
4889,12
3333,4
6418,5
1289,5
7824,8
1417,4
7681,19
151,0
4558,10
8857,15
2246,7
578,0
9160,22
5154,10
6583,15
6257,12
4058,7
7858,11
4229,7
9843,17
2637,5
9651,19
9814,18
8337,12
4433,8
6115,7
9987,23
6679,8
2271,1
3897,8
884,2
8915,17
7946,11
9283,25
7250,22
1908,2
8907,19
9911,17
6581,15
6731,12
5132,13
8732,16
4549,8
4030,8
1452,2
5705,10
5038,10
6841,12
9993,18
7775,13
8446,20
2196,5
8168,17
6485,9
9507,25
9828,16
1981,4
8488,24
9263,18
2182,3
1046,3
7692,10
5230,5
1648,1
9502,26
3916,8
1545,6
5964,16
1077,1
8944,15
2652,5
1892,5
6498,10
6746,16
9842,15
672,1
5506,5
6778,11
10080,11
9708,18
4948,13
7795,22
167,0
9882,13
2453,7
7681,16
6041,8
1860,3
1202,1
4735,10
9449,13
3073,10
4266,11
9183,11
5460,11
1018,2
6034,19
9123,23
6899,9
8662,14
1048,3
6281,16
5116,9
6723,9
2335,5
4547,7
1684,6
4383,11
6007,14
9079,11
5744,5
7867,12
3788,6
9913,14
7819,13
6379,14
3335,9
1983,7
3155,12
6495,16
2252,2
6528,14
386,1
9799,20
3988,6
256,0
2382,7
2125,5
6889,14
9037,13
1978,1
8363,10
6817,12
4858,13
7587,9
4408,10
4247,4
1572,3
2066,5
8987,15
2334,3
2009,4
3702,6
1309,1
2223,1
688,1
4318,13
5869,10
4362,8
2114,3
9701,20
2175,4
4931,12
5162,12
4535,7
1276,6
4397,8
1792,4
573,2
530,2
612,1
4930,4
4463,7
3713,5
6090,16
9751,26
4642,6
3382,8
3539,6
4297,13
6645,12
4064,7
6032,13
8067,14
9932,19
8825,21
2638,6
535,1
8851,15
3392,3
6608,12
414,1
469,0
3461,4
5419,10
4968,8
6435,18
9083,23
9897,23
866,0
7305,15
10011,13
7118,19
6946,14
2755,3
9135,20
720,0
7260,16
2773,5
6146,17
9567,19
7338,14
6131,12
9759,21
2795,7
3896,9
3786,7
7192,17
931,3
6869,14
4017,12
6593,16
2670,6
4710,12
7552,15
6179,11
1311,2
896,2
637,3
2741,3
4823,10
3534,8
3469,13
7914,10
3544,9
7074,17
7262,10
3148,10
185,0
5523,9
6874,13
5562,12
3652,8
3364,4
2990,4
3563,7
528,1
1568,4
6599,15
6659,10
6281,14
5280,9
4153,9
3500,4
6500,12
3224,5
1958,5
3066,4
2345,4
2564,6
9059,19
1092,3
3388,9
8362,14
6331,16
7909,12
2174,8
7098,14
3526,5
4122,7
3971,12
5552,9
806,1
8740,14
543,2
10010,21
5693,10
9936,17
4669,6
7098,12
8865,14
332,1
8635,19
535,0
7137,12
3974,7
5113,11
2978,4
3442,9
8642,14
7555,21
5181,19
2981,2
2830,2
1997,3
2592,7
3060,7
9191,21
6380,13
5031,9
2945,7
4871,5
8621,16
3684,5
1429,2
5469,9
7835,18
4125,9
7532,16
9985,18
3313,7
2905,4
1280,5
2956,4
6139,11
6617,8
2460,5
6336,11
5521,9
9709,25
7583,15
7347,25
4608,12
4848,10
3720,7
2386,3
4875,7
1388,3
949,4
2709,6
7310,9
4530,6
3812,10
3853,7
4559,4
8200,20
8030,14
880,3
7754,13
5183,12
5540,12
9947,22
122,0
4757,11
5854,10
907,2
8101,18
5684,9
9590,27
3136,9
6736,14
4895,9
6318,12
7733,19
5244,9
4660,12
1940,1
4176,11
2192,5
5389,5
2220,8
1555,1
4040,7
8914,18
6735,18
3222,4
1221,1
1520,6
8034,16
470,2
1576,2
4646,9
787,2
5603,10
3391,7
8131,13
10070,20
2405,6
3522,9
6612,21
7260,10
8231,16
3411,5
6840,7
2032,5
4350,10
7102,8
2789,4
6869,10
9508,20
1030,1
7775,12
9060,22
1232,0
8104,17
4170,15
8043,17
1741,2
3968,8
6866,10
7994,15
6288,9
4023,6
9229,20
5516,10
2495,8
2952,2
4358,8
5322,6
5701,9
6328,15
6062,20
7540,21
3577,4
8784,16
276,1
1551,0
8509,16
3817,6
2618,5
6336,15
8609,16
1698,4
6854,10
5669,9
1528,2
9965,22
5367,14
3848,6
494,1
7648,15
5366,10
2177,5
5884,9
5687,10
4630,8
3083,6
2363,7
2060,5
6404,11
7454,14
9784,22
6388,14
3776,11
5614,8
3856,6
1615,4
5303,17
2784,11
4807,10
4014,6
3857,7
5394,9
2814,5
294,0
2558,6
5474,3
3907,6
7555,21
2699,4
8444,19
5208,8
7310,15
1784,2
5208,11
2233,7
8241,17
9904,20
6909,8
6393,16
4032,4
5028,12
3189,10
4358,14
6454,11
1995,3
8136,21
8104,17
7859,16
3947,7
1810,8
5987,14
1714,3
525,0
7494,14
3576,8
904,4
9672,17
2764,6
6264,11
9686,16
3536,7
7129,11
5095,10
447,2
7620,12
3621,8
7141,14
5954,24
4465,11
1432,4
1083,4
867,1
6388,17
7871,10
3841,9
339,1
9455,18
8364,15
7712,17
3201,12
4079,4
9469,26
2044,2
654,5
5419,5
5463,13
5581,12
2685,5
9356,22
5627,12
1868,2
4886,11
4486,9
8735,22
6633,12
1560,2
2829,6
8175,13
2396,4
616,1
6288,16
9476,13
7087,16
1150,2
7831,14
8808,19
1972,3
7075,18
2911,6
1201,0
2863,3
7887,14
4643,11
1899,6
5364,10
4973,7
6968,12
7023,14
4966,13
9452,14
5315,15
8006,20
6060,17
4927,12
4816,11
801,3
7604,19
2111,5
1700,1
3234,6
7771,14
3850,11
140,0
3336,8
6094,7
1495,1
8061,16
4072,14
7867,17
2953,6
1494,3
381,0
2498,8
5508,12
3221,7
1955,4
9384,25
8084,18
612,2
6282,18
6080,17
3642,8
3971,12
6406,16
2376,6
5899,9
794,4
6633,12
163,1
3331,2
6266,13
6555,16
3974,10
7081,16
5740,13
4462,13
9826,19
2610,3
3794,4
3768,4
6631,19
973,1
9094,14
377,1
1874,3
5451,9
7212,20
4028,6
9665,29
5201,12
1447,1
4542,7
8386,15
9644,21
341,0
3438,10
3944,7
4198,8
9054,16
10075,24
8834,17
708,0
9559,22
4049,3
3820,7
9298,18
9035,20
8530,20
5178,13
7582,14
904,3
319,0
10058,24
1526,3
230,0
3366,8
2029,5
1088,1
3271,11
8064,9
1315,4
6404,8
6440,10
6432,18
6656,17
9801,18
792,3
8243,13
7943,20
2270,8
1736,4
3500,7
8294,18
8472,8
6518,18
4675,16
9213,30
8199,10
3577,2
1317,2
482,0
2590,5
4671,9
6309,11
9092,15
774,2
1015,2
8395,12
3093,5
8593,10
5477,15
8192,12
4957,6
9514,20
8535,15
5219,8
7002,14
6964,10
1820,4
1232,4
7864,16
190,1
5104,12
9940,15
3621,8
4847,6
6843,25
4191,9
3382,4
3057,2
7131,7
4220,4
9516,22
5231,11
5412,10
2352,6
3576,6
7265,17
255,2
2426,3
8982,20
6028,11
5406,13
2469,6
5894,13
5741,8
5062,7
3152,9
5555,12
5620,15
8239,12
1525,5
4707,5
4147,10
8744,10
5111,9
1322,2
4982,21
3393,2
3458,5
3145,7
6239,9
6131,13
1331,4
8911,20
9600,15
1377,1
2135,2
7725,21
2870,7
8204,21
1928,4
3330,3
5924,13
5367,7
4075,8
1996,7
9154,20
735,1
3194,5
8693,23
3802,6
4659,9
5435,11
3710,7
8104,11
9669,19
2530,6
2240,3
8368,20
5323,13
7819,10
1093,3
107,0
5993,8
6557,14
4426,10
4259,10
950,1
1462,1
4668,17
9801,27
9900,19
986,0
8726,26
1120,1
371,1
7682,16
8552,24
940,1
1815,2
8335,17
2033,1
7414,11
8406,12
8013,19
6782,11
2920,3
4154,6
4833,6
3000,4
8752,18
6335,10
1493,4
9292,19
4181,7
742,0
8390,17
6711,15
9112,16
4102,7
4683,10
7907,17
7995,11
2116,4
6607,14
1840,2
7677,10
7991,14
8285,17
3957,9
8642,11
148,1
5858,12
3525,9
2473,7
8867,20
9085,25
833,3
260,0
977,1
976,1
7126,11
9552,23
6861,14
832,1
9617,20
9993,29
4559,6
1296,0
6990,8
5443,12
382,0
5408,17
5794,11
8706,20
2113,3
269,2
4368,10
1102,2
2032,3
7925,18
5369,12
3921,7
8697,22
2351,0
8769,20
7895,14
4783,9
8562,13
944,0
1644,3
6952,11
593,4
9029,17
6658,14
4041,8
9130,24
9086,15
2630,8
4871,9
1874,1
2780,5
4437,5
9927,11
8094,16
3277,12
4105,7
613,1
1832,4
6363,13
6826,9
1303,1
4074,6
7492,14
7078,8
7092,11
1805,7
3725,15
4681,10
860,1
4842,8
6285,6
7231,18
7630,16
9105,17
9600,18
2277,4
6626,19
5362,12
276,0
6851,8
8616,18
4292,5
106,1
9323,18
4202,12
8002,16
10084,22
7836,11
4682,13
9844,7
4094,9
9927,21
6913,18
5965,12
5330,14
6842,17
5030,10
9655,17
5877,17
4895,11
2722,3
8941,17
6140,15
1233,1
4091,10
347,1
5938,12
5512,6
4247,11
2327,6
8457,18
4529,7
535,1
9875,26
5265,11
7903,15
8370,17
9338,23
1267,4
1390,2
2405,4
5439,12
4528,9
1315,3
542,0
7072,19
804,1
3615,10
7434,9
4589,9
892,1
2101,3
8718,17
2953,8
7612,21
599,1
5875,5
3035,9
729,2
3792,6
1930,5
6519,13
4113,7
162,0
1988,3
9994,21
8574,15
7196,21
1675,2
9815,22
6169,13
3346,8
4289,9
3070,9
9698,14
2240,6
875,2
6543,13
7181,17
9619,20
9424,23
2685,3
7115,9
1949,2
1300,2
8489,17
1926,6
2558,8
8013,15
4209,5
4965,18
9923,26
3638,7
182,2
3243,7
6303,7
5873,12
498,0
6860,18
3684,10
6488,11
3157,6
9617,18
7328,20
4209,8
356,0
2777,7
521,1
9762,13
8476,21
5035,14
4515,6
4274,11
6274,13
6791,12
6439,11
6894,19
3542,8
5031,8
2010,8
2370,2
3936,7
5981,9
7428,15
10094,25
8684,23
8201,10
6960,13
2969,10
797,3
10038,17
5291,6
5610,16
7528,13
891,3
8505,19
8269,15
8191,18
5036,10
2455,6
3502,8
2647,6
7385,11
3103,11
1396,0
9195,12
2274,5
762,1
432,1
2281,1
8096,12
7783,14
1805,1
552,1
6585,12
5364,12
9683,18
8459,19
218,0
8336,12
2860,6
2962,7
2324,4
5789,17
4832,10
1574,5
999,1
641,0
617,0
3579,8
3964,8
1726,3
2126,5
523,4
282,2
9947,20
9529,17
4856,6
8446,12
513,0
4105,7
1147,1
3097,5
1955,3
1712,3
539,0
3860,13
2416,3
1608,4
3156,4
6897,15
2459,5
5306,8
7788,25
9204,15
452,1
4849,13
5001,9
8446,25
1236,2
4004,9
8191,14
9120,22
9772,16
1800,3
9479,16
7800,21
8716,15
6083,17
8089,20
5499,10
7289,14
9786,18
5434,12
6049,13
6301,15
2046,5
4740,9
4396,6
3386,7
5609,9
6948,18
1045,1
9652,21
2655,2
5041,11
5456,10
9951,25
2535,4
9265,21
4898,6
10040,16
8702,25
3710,8
4618,13
4801,8
2863,5
4568,6
4448,9
3700,8
3597,17
9313,22
343,0
6136,13
2219,5
1173,1
1929,3
5781,25
6027,10
8906,15
7647,16
9885,23
7294,17
6070,14
482,1
260,0
4873,9
1692,4
3615,7
3387,6
6617,17
5171,5
10045,20
9745,20
2788,4
3991,7
6113,10
8254,16
9846,19
585,1
2327,2
8678,13
5606,13
9439,17
5157,7
434,0
4639,10
2859,9
1064,2
8026,14
1872,4
10028,18
9649,14
3875,6
7920,20
2841,6
6266,13
9121,14
677,0
2804,9
5679,14
1737,1
2258,3
7572,22
7393,15
3341,8
8695,20
6773,12
3630,6
5544,17
4299,4
10094,22
1181,1
2192,2
5624,9
6200,18
4632,8
2349,5
9870,16
9574,19
6601,9
2412,4
6088,13
8677,17
1746,3
6915,14
576,0
8288,16
4110,11
9929,31
400,2
5466,13
2425,4
3234,13
5087,12
8046,18
7629,13
3855,6
9529,28
1388,1
9349,18
6610,14
101,0
8046,15
5366,6
4254,7
3080,5
4112,9
9913,17
5362,7
5423,9
8263,16
543,0
6146,10
7591,11
3161,3
7561,18
6378,11
8520,12
2021,6
612,0
8927,15
8197,15
4545,12
5208,10
8569,19
9706,21
4225,12
6097,14
4162,9
7552,12
792,3
5287,13
2977,7
5729,9
1273,3
558,1
7480,18
8775,28
6140,16
4218,6
8026,25
3432,4
9171,16
6519,7
6674,16
1416,2
4425,6
8990,15
9468,20
7883,8
5908,13
5236,5
2877,7
2500,2
3620,6
6523,11
2070,2
7396,19
8857,12
1136,4
2530,3
6931,14
7810,23
2856,9
8907,14
2273,4
8407,23
3790,3
5189,15
7480,18
1828,1
8551,22
2693,7
7919,11
7617,10
1458,0
8888,14
8252,11
5415,11
6487,10
5290,12
9761,19
1042,5
5115,6
793,0
8295,17
578,1
8864,26
2624,6
8278,11
8408,14
5969,14
3218,6
5627,14
842,4
7496,18
7486,13
1508,2
9295,16
5667,15
6138,10
616,0
1338,1
6186,15
8321,16
1123,2
372,0
5267,14
932,1
7134,11
1395,6
8482,18
8647,22
129,0
993,2
8806,15
2597,9
4716,7
9479,30
4694,9
4955,13
8790,17
8905,16
3760,14
7884,17
5696,11
7514,16
2281,12
2091,4
8655,15
6143,13
3061,12
8751,21
7402,13
9637,14
7501,16
8096,16
8524,22
8367,18
2481,3
6114,19
6257,19
1966,2
5386,21
3735,8
8041,15
6398,22
2315,9
1279,1
8253,19
5152,11
6892,16
2006,6
4490,11
2806,10
4321,5
1411,2
9120,17
2219,5
4983,10
2531,4
3074,5
5483,10
5769,11
8376,18
2720,4
9578,10
8123,14
2099,2
3380,10
3768,8
9951,18
9054,12
2370,9
8010,13
3099,4
3161,9
7258,15
6212,8
1960,2
4327,8
8255,17
3525,12
3700,12
5566,15
2953,4
6572,15
1587,5
5365,12
9183,15
1293,2
7351,13
6771,13
4148,4
7601,17
1101,2
3194,2
6897,12
9906,16
5416,4
8053,17
10017,19
8235,16
543,0
4714,6
6074,15
1090,4
1656,4
9197,11
9288,26
7619,13
2641,8
1286,2
3314,3
1131,2
1256,3
6041,16
2252,6
925,2
1281,3
893,2
506,1
9277,18
6921,17
9331,19
2323,4
5811,12
6222,10
2494,4
4393,12
2133,3
8863,20
2624,4
1849,2
768,0
5885,7
6684,11
5340,11
5060,10
1090,1
1887,3
7385,17
6565,13
9379,17
5645,19
7513,13
834,1
2566,3
394,0
4010,10
9003,14
1760,1
7312,9
4521,8
2378,3
3257,9
4730,12
8419,19
1075,3
2799,5
5756,9
2321,5
7354,16
6633,11
8530,13
1362,1
9883,15
7707,14
3696,7
3141,4
3143,7
321,0
9599,22
3806,9
496,0
4620,2
544,0
5074,10
7598,16
822,1
8117,19
5487,13
2939,5
6067,14
8158,10
3890,8
7728,19
6934,15
7916,13
2366,4
8188,15
6929,14
9091,19
3010,3
4880,10
414,1
9211,7
539,1
6248,11
2525,5
1283,3
8493,18
4536,6
9744,22
2286,5
1691,4
5293,8
5509,13
6926,18
7015,14
5593,9
4131,8
1037,4
239,0
453,1
4288,9
469,0
5608,16
6141,14
8335,19
1207,2
3029,5
8270,13
8188,20
4477,10
6818,17
9459,17
4509,6
5998,20
5602,17
4412,8
10055,21
7673,20
4457,11
5948,9
5349,6
3402,4
8361,20
430,0
7763,16
521,1
2308,6
2967,2
3169,6
9083,16
1622,3
6997,17
6501,15
2314,6
5370,11
2386,5
3865,5
8174,10
6332,15
8813,19
4705,6
1133,1
7923,14
4995,21
1357,2
2902,3
413,0
1690,4
3851,4
1706,6
4300,7
783,1
3734,3
5152,12
2059,6
8456,20
3831,7
4633,9
1492,2
3949,6
7530,12
7532,17
7010,14
7176,21
6248,12
2697,2
1326,2
2862,5
10094,22
6339,13
7565,14
6856,15
7727,8
8451,15
7602,19
7148,10
5394,7
5732,14
8527,12
1678,5
2952,4
256,2
4472,9
7759,20
4953,12
5624,14
925,1
1438,1
6598,15
3187,7
4883,13
1572,3
9243,15
3066,9
383,1
4368,8
5598,11
9186,17
1541,6
5938,8
1533,2
9226,16
8696,22
6503,11
6250,7
8767,16
3912,11
5257,17
3155,2
6575,12
5688,14
5931,10
8215,19
1263,1
8687,16
9810,22
149,0
5647,16
2986,6
6548,14
9312,21
1331,0
4561,10
2927,9
2221,4
4093,9
8215,17
9279,19
9387,23
5014,10
3864,6
8942,22
1579,1
292,1
6451,10
7047,17
9307,22
6917,12
672,3
2013,4
2219,5
5899,14
4370,6
7420,14
2654,6
288,1
6316,10
1170,2
8103,14
8280,27
7792,13
2014,3
951,3
1740,3
9204,21
360,0
8448,15
5203,7
3115,8
2825,9
5787,7
3232,5
7523,15
2991,6
2890,6
5031,13
5311,10
8650,21
7700,14
3821,10
9295,19
4084,9
1523,1
7437,16
9340,24
384,0
9962,26
9905,25
9271,24
9797,31
9789,15
184,1
9884,17
9142,24
5429,16
9194,19
4800,8
589,1
8039,17
253,0
5155,8
4998,16
2108,2
1189,0
9085,27
9307,17
5400,7
7849,19
4062,7
1305,3
5936,14
5775,17
4715,8
1055,1
8767,15
4507,2
169,0
6016,10
5142,17
8593,16
7642,16
3179,6
4592,15
3944,7
4792,11
4025,5
7029,16
3663,5
7695,9
2939,3
4925,15
10026,24
4146,5
8863,23
590,3
4008,5
9921,28
5778,13
7797,12
9611,20
3128,11
5694,9
5384,13
6524,9
2551,2
5583,5
6167,20
2101,2
1860,2
4150,2
4335,13
8540,17
6290,6
7821,13
5513,11
1368,2
8099,17
4764,7
6938,13
1688,1
7293,18
1675,1
6519,14
566,0
2023,5
5331,15
7079,11
6665,20
555,2
8163,14
5576,8
5448,16
9193,22
2119,7
9445,18
6498,15
5310,12
322,0
4926,13
9115,21
9329,18
7092,7
7045,14
4637,14
1321,1
6917,15
9611,23
4988,15
2372,6
8653,20
3086,10
9363,23
4170,9
9546,19
2625,7
3815,4
9626,19
9384,17
3501,7
696,1
2703,8
7801,14
1680,5
4931,8
7757,20
4815,17
5479,9
3085,8
8659,17
4449,9
10071,22
4885,13
9215,22
2786,8
9101,22
3582,10
7668,21
1582,0
8307,15
4003,11
3831,5
4289,4
1090,0
1632,2
1042,3
7560,12
3119,3
3934,3
8119,11
1316,5
6270,14
4019,8
1907,1
6341,10
4114,9
9010,20
4514,4
4668,15
5040,6
5597,9
7607,14
2332,7
3047,5
5986,12
9637,24
5609,7
1495,5
5307,9
7365,15
8519,11
8394,21
8735,9
3872,7
4515,7
2798,5
7767,16
1040,3
6647,9
9982,13
3355,4
4519,6
7795,19
1901,6
422,2
2514,6
8504,12
7623,17
4069,13
9588,15
1083,1
4391,11
2424,7
3410,2
2356,7
1923,4
1475,3
6287,13
1789,6
360,0
342,1
2023,4
2407,2
5355,12
9002,13
6125,10
3883,6
5071,12
6349,15
621,1
2944,3
7282,19
1714,1
5446,14
5746,12
2023,4
3635,13
3248,3
5784,9
3376,7
572,0
9276,24
8622,16
5500,10
3051,3
7676,10
2805,10
4918,12
1582,2
7028,15
1492,4
9895,14
8670,20
5570,11
574,2
5196,10
4664,8
10081,19
177,0
1451,4
2335,4
9949,16
8261,21
8426,11
7208,14
3006,5
7072,10
3806,11
3824,12
1522,1
1295,2
6948,13
7571,15
6458,18
2209,4
1862,2
2709,4
9386,19
2133,2
666,4
2438,8
5686,9
4732,5
7590,18
8624,20
9641,18
2426,5
3650,13
6767,16
6424,19
8401,20
10068,17
9755,18
5944,12
3983,12
5492,15
4378,9
9850,28
7285,15
4367,7
7130,24
6362,12
1073,2
7104,15
4201,12
4684,12
6178,13
3063,2
3293,7
2452,4
6981,11
8631,17
2113,4
8095,14
10054,28
7563,18
1524,4
685,0
7983,14
2738,10
5531,12
8954,20
5518,14
8538,9
7896,17
1770,3
7048,11
5677,14
3864,10
4514,13
4899,18
6470,8
2249,5
3033,9
3584,6
706,1
3678,6
4275,10
4690,8
773,1
5052,12
6046,7
7305,13
9892,23
8584,23
8364,13
6638,15
633,1
6571,13
8941,23
5783,10
2107,2
4273,9
10003,20
1540,2
3736,13
5904,14
2545,2
3391,8
3593,6
5154,8
5452,8
346,0
1940,3
9224,19
3538,8
5854,8
4118,9
6412,9
7600,12
8740,11
1179,4
191,0
3659,7
1102,4
5610,9
4509,9
6673,15
2335,2
7612,16
627,0
8287,15
734,2
8723,13
2466,4
809,3
4309,5
7193,12
8026,15
5512,20
7343,12
2833,5
5970,14
3429,3
5226,10
406,0
6001,13
1532,3
3685,7
7645,15
9062,22
4516,12
1698,2
7037,11
4391,6
4522,10
6829,11
8664,18
9390,24
4074,10
3744,12
1833,2
471,0
6013,14
5335,10
1203,2
7818,17
6342,13
5245,9
8900,23
1568,4
1389,6
6613,12
2998,9
1681,8
2493,5
5102,8
961,1
1792,7
1777,3
3170,4
3831,5
177,0
4917,14
6809,18
3895,11
8620,19
3908,12
3868,6
920,5
5312,15
8070,18
7016,19
1742,2
7606,9
7232,11
117,0
9840,14
442,2
8133,14
4069,10
8849,19
5622,17
7220,9
5677,14
7662,15
7534,19
6190,9
1470,4
4082,8
924,1
3445,3
4053,10
8460,24
2626,5
1694,1
6913,6
8624,21
5188,8
1443,4
10043,21
7336,14
3376,6
3876,6
940,5
2603,7
5329,7
2679,7
9814,21
9817,24
7184,19
5374,11
1003,0
7736,11
6191,11
585,2
5838,15
9221,17
5287,10
6684,11
6930,16
6117,12
9127,9
7504,15
1011,0
5283,11
9060,13
7000,15
7561,17
5295,15
4478,7
1620,4
322,3
824,4
8311,20
950,1
7039,17
7551,14
9912,20
4874,16
9516,20
6967,15
5917,11
9653,23
6709,8
3325,16
6774,14
7924,21
9838,15
8390,17
9967,20
974,6
4525,4
2238,6
9975,21
1431,1
5585,13
3568,8
1940,4
8009,6
1574,3
2447,4
299,0
4073,7
3946,7
1248,2
9170,21
9825,28
2438,3
9982,21
260,0
8272,14
3446,4
7100,18
4067,12
3051,4
305,1
4850,4
597,2
7787,10
818,3
1719,8
9226,21
1214,3
9288,15
1590,3
5196,6
2775,9
8167,21
490,2
7773,16
1656,2
8731,21
3481,6
634,1
6629,16
3591,6
2694,1
5268,10
1471,2
2276,4
3555,2
3995,7
281,0
2893,8
325,2
4926,13
7036,15
4051,11
9770,20
5051,10
1749,2
7689,16
9355,15
3478,7
4859,8
9625,30
6038,9
4033,12
8170,25
9306,19
8386,17
2376,4
8918,14
2243,7
1499,4
6928,18
9706,15
9030,25
5966,13
8523,20
5317,10
2557,2
6098,10
1658,2
8714,23
1475,3
133,2
1363,3
3020,4
6425,10
8202,15
9411,22
7069,13
2600,3
5994,18
7029,13
9982,30
8449,13
7428,7
1125,6
3053,7
6985,18
7539,8
3348,8
9350,13
2180,3
7712,13
1390,4
4293,12
2179,6
7739,20
8340,14
781,7
4611,8
1378,3
1331,6
1770,2
7412,13
9150,16
4793,8
3204,6
8162,13
3872,8
9451,27
8315,16
3611,6
881,4
3095,6
3861,4
869,1
3442,9
9979,20
8008,18
7709,11
2452,4
7157,15
1862,2
3373,10
5381,22
1411,8
8258,13
2388,5
8667,24
978,1
147,1
4482,13
3054,7
1962,3
7168,9
6338,12
7117,14
2572,10
9755,27
2347,1
3770,9
2493,6
4761,13
3065,12
1114,2
6965,17
2859,10
2933,5
844,3
3854,13
1335,6
3742,5
6532,13
2799,5
8481,26
9761,20
8253,14
5982,14
4581,10
3301,6
4496,7
7249,11
5159,10
4365,12
2101,2
5534,10
4062,11
9950,31
9977,24
2636,8
7870,10
9777,18
2378,3
9362,19
4861,7
269,0
1019,2
4724,4
740,1
8194,12
826,2
1254,4
3227,12
6652,15
4997,14
1555,1
9049,13
4235,8
5025,11
8051,19
1580,1
2118,4
6684,12
3972,7
2021,4
7331,20
4883,17
5083,9
531,0
7253,10
2975,6
2879,6
9637,18
1785,6
5479,7
7563,18
5022,5
1687,2
6742,12
761,3
7322,12
3582,6
4503,12
8346,11
7203,17
3691,8
8617,9
688,0
6533,17
3176,6
3708,11
304,0
275,1
9363,18
5269,8
4179,12
9194,17
3550,5
3256,7
8746,21
5626,10
5713,15
9045,34
8926,16
9436,16
4425,12
2070,2
303,1
1870,5
8026,13
1045,0
806,1
4504,8
4031,14
8474,16
4574,13
4111,9
8600,21
5245,11
9649,22
3850,6
8566,16
5439,13
7748,16
5805,13
2075,1
3914,5
6079,11
4453,8
7500,20
5871,14
505,2
7320,18
3205,6
9874,26
4632,8
9599,20
8952,20
5577,12
5262,10
8503,13
7077,18
3053,6
2584,4
9236,16
286,0
9031,19
4290,6
7823,20
4256,6
9339,16
7302,20
2088,8
9658,15
4084,17
9637,16
3963,10
7881,11
3900,5
5426,14
5618,9
999,0
6516,10
1135,3
5041,4
4211,6
4025,4
7113,14
470,0
9977,21
2899,7
2009,1
3045,2
1724,1
6123,14
909,3
4973,12
4850,6
1424,2
8818,24
1952,1
6407,15
3441,7
1177,3
5913,12
3757,5
1136,3
136,0
7773,22
471,2
2245,5
5271,7
8166,13
7228,13
3314,9
8929,21
1018,4
2351,3
8333,20
8203,16
462,0
7916,20
4853,9
9825,15
5265,4
4527,8
270,0
2288,6
677,1
4361,10
115,0
5773,16
5181,10
6108,11
7100,19
7839,14
2885,5
8302,13
3779,7
6744,9
3082,5
842,2
4809,15
6296,13
7090,25
2188,3
152,0
6677,16
2140,5
2216,3
9320,19
4159,9
5718,8
959,1
5328,10
2810,9
3919,4
6463,7
8951,21
8925,11
4181,10
4146,13
8575,12
7670,14
6203,11
5771,13
9020,11
9013,11
9947,19
3578,12
2318,1
4169,12
1074,3
4520,10
3406,9
7247,14
5104,14
3042,1
5317,7
3057,2
5360,16
659,0
5399,12
1110,2
2975,6
4635,12
3236,4
3809,2
7562,28
1380,0
5191,12
9199,20
8844,17
3334,6
7143,23
196,1
4790,7
5841,5
8321,21
8321,15
3582,9
7495,9
5778,8
9493,23
873,1
9737,26
4240,15
8465,22
5269,9
258,1
5890,16
7064,24
9075,16
9273,23
5678,9
9512,15
3715,6
7114,14
7675,17
5933,11
2779,5
4215,5
3650,8
4540,8
3134,4
7322,24
5346,14
6958,11
9973,21
2664,5
7758,18
6386,11
5818,14
7760,10
9941,24
2891,6
5298,7
7035,14
973,2
9912,20
1504,3
4120,7
7180,20
725,2
9229,18
3455,5
1862,6
6970,17
6853,18
8568,19
6702,12
607,0
4799,5
8074,17
6202,12
8217,14
2965,5
5931,11
6025,14
4827,14
7076,14
1312,2
5398,15
6005,10
4661,9
10084,22
2152,2
3271,3
6225,13
3231,2
942,2
7050,12
1858,6
7704,12
9933,15
1326,2
3209,6
4374,13
2040,7
7847,10
7849,13
5569,12
8782,17
6214,10
2789,4
8483,18
9228,28
6987,16
5753,9
6147,17
7024,17
6762,20
7073,13
7680,5
5327,7
9891,22
6845,12
9817,16
3705,8
7350,16
5916,16
6885,16
7594,23
1300,4
5705,12
9749,19
1487,4
1988,3
6966,13
8226,16
7564,17
7915,14
151,0
2054,5
5942,15
5763,14
8570,9
2586,5
1716,2
3939,5
5748,14
6867,11
8080,24
1546,6
2870,4
2682,6
768,1
1983,5
2313,8
4219,5
3224,8
4740,9
2931,2
3212,5
9542,16
8479,16
6168,12
6823,20
3624,6
9903,22
7677,15
1893,6
3609,4
6559,13
2692,7
7577,6
4383,13
7519,21
5337,10
4437,8
6818,9
5782,14
1923,8
6964,12
7079,16
6733,13
8139,16
4234,7
7181,15
8373,15
9240,18
3005,9
6532,13
7605,14
5177,12
966,3
9120,18
3676,9
7432,13
5476,11
5370,7
5070,4
4907,11
1196,1
6750,23
7269,19
5724,8
5271,15
9271,17
2523,7
9017,18
5667,17
6127,13
8412,17
8103,10
8651,13
6062,11
6872,16
4410,4
7079,14
4945,10
2115,6
2756,4
2953,6
3475,6
1364,2
6084,14
7014,18
2506,3
4378,6
6473,13
9856,21
1478,2
3363,6
410,0
5688,7
1919,2
7400,7
1993,3
3076,6
3638,11
9841,17
8937,15
7630,9
8302,17
3423,6
9071,18
7636,13
3046,8
7998,15
2653,5
6560,10
9649,20
4160,10
7992,22
6466,10
5588,14
6685,16
789,2
1890,2
4059,8
3164,10
8586,11
8523,20
1856,4
2772,5
1405,4
1477,3
5312,6
8574,20
4293,8
3691,9
8882,19
6454,12
498,1
406,0
2989,6
2909,7
1210,1
9836,17
115,0
2418,2
9313,20
4296,11
6794,9
8444,13
1200,2
6570,10
4623,12
2769,5
3070,12
6672,14
2124,7
6304,10
7895,15
1248,1
407,0
3930,11
391,3
3523,8
3179,10
5890,7
1583,4
1228,4
8642,14
6505,10
6377,11
870,1
157,1
2834,4
9010,22
5137,14
6610,16
10041,28
4702,8
7552,11
3004,7
9505,16
2580,2
3912,13
5732,13
3145,5
2255,4
5530,14
3400,8
4422,6
3031,5
8909,17
3904,8
5122,4
8061,11
8878,27
4567,10
8170,20
3957,11
3662,4
2815,7
1615,2
6769,11
4678,13
9600,28
2637,8
7669,15
5980,10
5381,10
3379,6
4668,8
3167,10
4775,11
9540,25
4601,12
3272,7
2409,5
4047,8
2148,1
9892,24
275,0
908,0
1522,4
6971,18
6661,15
5573,14
8725,23
6060,13
6300,10
9749,25
4295,6
5688,13
1323,2
2345,5
9524,20
9391,15
7522,11
4940,8
3696,3
8904,19
2356,3
2029,6
2209,2
201,1
5836,9
8910,12
6533,10
8696,9
1474,4
1898,4
2370,4
2275,8
6707,18
9366,22
434,0
9235,22
2671,3
7700,14
3554,5
1469,2
4088,9
7335,12
6918,17
7143,12
3633,10
6251,14
6462,16
7403,16
1709,1
9108,19
2446,4
6713,13
7070,16
8172,15
6388,15
2991,6
5825,11
4819,11
7688,13
8118,13
9128,23
9906,18
7542,7
1547,3
6383,11
4932,13
7739,20
4144,8
5810,14
2398,7
4673,7
5575,6
8472,18
7829,8
3439,3
9891,19
6415,17
7897,15
9780,19
4298,10
2089,6
255,0
7438,9
4420,9
3938,4
4766,7
6302,14
5103,13
7830,13
1723,3
7082,19
546,1
5781,15
2085,3
1406,5
3574,7
3521,8
3286,4
5061,10
5194,16
8405,24
9817,26
2941,5
7428,14
699,2
1153,2
7275,15
7333,17
1525,8
3155,4
5830,15
5652,8
3957,10
9908,17
7433,14
2725,2
717,0
1596,0
5118,6
2442,4
6868,6
4413,6
691,0
1341,3
5396,9
3083,6
911,2
5659,15
5427,5
2328,5
5283,11
9710,17
533,1
5082,8
508,1
1294,5
6252,7
8144,15
837,1
6394,11
5814,18
5517,13
984,0
2583,4
5275,13
1155,5
8422,26
8617,12
3929,4
9042,22
7484,16
4994,8
2991,4
2287,2
6568,11
1678,5
2022,1
6940,15
8294,16
7927,16
5427,12
4673,5
8226,17
4411,12
8194,19
3127,5
5083,17
1712,2
9113,20
4103,9
1322,1
5223,10
6303,14
4138,12
1097,5
8475,23
1230,1
2549,5
1748,2
4052,6
1208,2
7666,16
9082,16
9649,15
6816,8
2384,5
5104,9
2317,3
9483,17
5155,11
7231,17
3328,7
381,1
2524,5
6270,16
6480,18
3964,10
10032,11
775,2
6553,14
4677,7
6736,9
1253,1
6166,9
3959,7
8554,9
5158,6
5644,13
7261,15
4075,7
8293,14
1684,3
8322,23
1053,1
4127,11
6217,14
9948,23
4787,11
3080,4
5778,8
3130,5
6969,16
1923,3
5742,14
6222,15
8361,15
5955,12
5539,12
296,0
3085,3
3881,13
8458,23
9674,19
9351,19
779,3
1819,3
3168,7
3624,10
3103,9
6237,12
2031,2
2780,5
7526,16
2003,1
2119,2
2101,1
6699,14
5619,11
3940,7
6338,16
8688,20
9604,17
954,6
844,1
6850,11
9037,21
8213,9
8953,21
8051,12
1577,2
8177,20
5986,8
4336,11
9459,18
1226,4
9815,26
7643,13
2406,4
575,1
8054,21
3167,7
7885,9
8343,18
7467,13
1837,6
6925,12
7637,8
2862,4
474,1
8590,17
1071,1
2015,7
4817,9
7498,13
2870,4
4840,8
4943,16
1142,6
9382,10
7508,11
1939,4
3663,7
7962,6
9155,16
3611,6
2509,2
6772,14
1896,5
747,3
3077,4
2786,6
3509,4
9333,18
9562,16
860,3
825,0
8742,18
961,1
4721,7
302,1
4659,9
8171,15
7543,13
8707,15
2575,6
4122,6
515,1
827,2
6468,12
4588,8
308,0
7581,13
1949,4
2690,7
9850,22
285,2
4636,10
7383,13
4509,19
8489,18
8226,13
4687,10
2542,6
6177,5
4816,3
2843,5
7445,11
3429,12
4014,5
6278,15
8528,24
10024,12
1385,1
3672,14
6952,17
268,1
9462,24
9776,24
10008,24
2417,8
5211,13
467,2
3862,4
4337,13
5665,11
1310,2
7152,14
4414,8
6355,14
6788,15
2123,7
4293,11
8386,12
7690,16
8500,17
4477,12
6410,13
6161,13
1740,2
1403,3
1759,4
2900,7
2345,5
2838,2
994,2
6402,13
1366,3
909,2
3029,6
4238,9
692,1
7580,19
8398,19
8585,11
2773,9
5037,7
9156,19
2300,1
4148,12
586,2
3150,4
8654,20
8262,17
4178,8
6302,12
6752,11
8070,25
6629,7
4837,10
9766,15
6174,7
3984,6
1622,2
7217,14
3928,5
1663,2
1503,6
8502,13
8358,16
6568,10
7597,15
7527,16
1652,6
3074,6
4622,10
6120,13
8432,18
1577,4
8918,26
6089,7
2691,4
4110,10
9619,18
9685,18
5413,17
9005,21
4944,11
2951,5
1682,1
5861,12
822,0
2848,7
9882,24
6168,13
9584,16
8398,21
7991,13
1102,1
5966,20
6658,15
5362,6
4719,8
5272,9
5950,6
1491,5
550,0
5240,12
2739,3
1513,2
9683,27
4225,6
1729,6
9593,22
1833,4
9211,21
7068,23
4726,14
3913,7
3632,5
2743,5
1087,3
8989,22
9695,25
9170,20
3881,4
441,0
4442,11
919,1
6974,13
4761,11
3015,2
3790,6
1400,4
4816,11
7193,16
3580,7
5481,7
1559,5
7920,20
2758,1
9792,18
2905,5
5005,10
1519,1
7455,13
7490,11
1948,5
8900,11
292,1
3425,7
4568,8
2735,4
3799,6
2952,8
9088,15
1855,3
6728,18
2156,8
5756,13
7756,9
2708,6
2176,3
764,2
1955,4
7968,14
2515,7
6021,7
8376,16
9791,21
7609,11
2200,2
7134,15
7753,17
5648,12
7342,13
5663,10
6201,12
3906,7
4215,15
9504,16
8974,15
1306,0
2519,8
6913,13
9251,23
567,0
3507,9
9520,22
1328,2
2729,4
6999,10
1319,6
9745,20
5742,13
524,2
9714,25
9185,13
6315,15
5679,14
5085,8
3019,8
4367,7
1274,3
3253,4
2540,1
6838,13
3495,5
2174,6
3526,9
5594,10
6128,14
7850,17
811,2
1695,4
2550,6
9701,22
9224,19
1237,5
2663,4
5591,7
1888,3
5195,5
1008,0
7988,19
204,1
4704,12
8522,21
6880,10
4596,4
552,2
4584,11
7400,25
1815,4
1717,5
10012,30
7764,14
6686,12
3256,6
6746,9
3685,12
4924,9
621,0
1596,6
1493,2
6179,12
2036,3
9314,25
9230,23
7878,21
3834,4
2269,5
1324,3
6241,13
5464,16
862,4
231,0
4451,2
467,0
3146,10
9835,21
1480,2
7693,17
4333,9
2983,6
3935,5
725,1
4585,13
9147,10
920,3
9899,16
4142,5
9186,15
1811,4
8192,17
9922,13
5800,14
4241,5
732,0
6258,12
649,2
4753,6
8847,23
594,0
4712,8
5548,11
253,0
9718,24
1518,1
6374,14
6372,8
8063,17
2439,2
6011,12
809,2
6473,15
6316,11
8826,10
3651,1
9995,20
9347,25
3734,7
7326,23
739,3
3080,3
10096,21
259,2
6185,14
8428,19
6068,17
2233,5
6351,16
8421,13
7286,13
5217,7
2202,4
8083,17
3719,9
5338,8
8431,12
2710,6
5452,6
4398,11
6081,9
9281,23
1122,2
6503,11
4945,8
8473,21
6282,20
1827,6
9247,19
2078,1
3638,5
8959,18
2079,3
1925,4
2758,11
5920,14
4723,16
4427,8
8892,14
2678,5
9592,21
8810,14
7169,15
5605,10
5468,15
4697,11
3695,4
765,1
5212,12
6116,20
9717,22
4897,14
8006,19
276,0
8371,21
2123,2
4079,7
807,1
7646,15
7241,24
7919,25
2414,5
8328,20
9199,18
1804,8
139,1
1308,1
5895,11
8138,18
307,0
2980,6
6032,12
4936,6
6384,12
7210,8
4708,13
1306,2
8949,15
3352,5
7843,15
8811,18
3890,7
8367,16
9022,33
7500,13
4231,18
9733,19
6626,15
7246,14
8838,11
782,3
3070,5
9570,24
4020,9
4122,4
6972,12
3562,5
283,1
5883,14
2358,6
10053,21
4570,11
395,1
2779,5
1851,4
6868,13
7208,19
6117,13
4798,6
3504,6
8869,19
959,1
3319,4
4466,6
7170,9
3007,8
9331,16
8149,21
5540,17
6813,15
762,1
8801,10
5555,11
9859,26
5292,14
213,0
7318,15
7172,13
1905,5
1835,4
2853,6
4272,8
970,1
338,0
7982,17
8818,24
6033,15
9713,16
4738,8
225,0
8211,23
2822,2
8342,24
3077,4
6960,10
7088,20
6969,13
2438,4
5562,18
2458,8
6260,11
4144,6
611,1
9155,14
8076,16
7213,14
6029,7
2718,2
4814,7
8464,21
1300,4
7968,12
3281,4
1188,3
6186,7
2878,4
9845,18
2352,8
4869,10
5695,7
1074,2
7214,7
3426,6
514,0
5417,11
9068,18
6492,20
404,0
899,5
6773,13
9410,23
2638,8
5447,11
3905,3
1401,2
5749,10
2620,8
6379,12
6958,13
4350,5
8402,13
936,4
3715,7
2140,3
2108,0
6403,14
6076,9
9744,21
2405,4
9538,23
1367,3
3405,8
5937,10
9237,18
9801,15
4644,15
1970,3
6871,8
5890,13
10007,21
1924,7
8964,19
4538,8
7497,20
9529,19
3043,5
9981,21
1964,2
9869,22
5392,6
7538,17
3537,9
6654,13
264,0
2731,7
2010,3
2232,4
7329,16
1766,5
444,2
5265,8
3853,5
8798,24
8349,14
10024,24
4206,9
4356,7
2016,8
8908,17
3321,11
3067,6
3833,9
7281,7
8409,13
7104,11
308,0
5266,8
7955,15
8031,18
7459,11
9290,25
7167,6
9815,20
8377,16
5336,17
1240,2
9290,27
7113,15
7902,13
2767,4
2600,5
4858,11
4274,9
1578,8
1631,3
176,0
8431,19
4007,5
3797,4
2976,6
4990,6
5922,14
3179,6
1314,5
883,0
722,2
6961,12
4130,7
9881,19
3541,7
9924,23
5265,20
6538,11
4703,15
4335,8
2473,6
2477,5
3546,8
4983,12
705,0
1479,2
5855,10
9506,22
10038,19
9015,13
8827,13
2494,8
1534,3
1417,2
1022,1
7408,15
9323,16
9017,15
2230,6
3273,4
391,2
2454,2
1372,1
9733,18
301,1
2025,5
8508,19
9345,17
504,1
4790,6
560,1
8492,18
6967,12
3054,4
5499,11
3474,7
3376,7
763,2
5720,15
2352,4
727,1
9664,24
1491,3
7931,12
7346,12
6623,19
4799,8
8704,19
8875,20
1148,1
802,1
5463,7
8209,18
5267,12
5307,10
9529,22
704,1
2010,3
727,0
3191,9
4633,10
1635,1
8229,10
6215,8
7272,15
6390,17
5543,7
5407,10
5229,8
7353,9
3780,14
9305,15
8659,13
652,0
3666,5
7365,15
9566,18
5803,12
1993,6
480,2
9662,17
1542,5
1705,0
3849,11
5560,13
1809,3
1854,4
4099,13
9694,21
2360,5
3194,8
8040,18
3810,9
8094,20
400,1
317,1
479,1
489,1
4120,5
7399,14
9908,19
2986,5
1704,2
7450,19
4205,3
9528,14
2541,4
5500,10
6405,13
2322,4
9803,24
3298,4
1511,5
6425,13
3818,4
1364,3
9646,17
6724,9
1720,3
10001,23
7871,14
9854,15
3427,12
5373,11
5565,12
5786,15
9706,23
3265,10
9977,20
10001,16
8728,17
1659,3
4527,9
3777,9
4058,13
4632,6
9044,22
2102,3
1319,2
156,0
7216,13
3409,8
10058,24
919,1
9859,26
805,4
4056,8
8763,16
7764,18
1514,0
106,0
4073,10
4336,7
7330,7
4869,17
1950,3
7772,15
7931,18
6885,9
392,0
4716,3
7819,15
8445,20
5646,13
5951,7
1731,6
2292,4
7718,11
7614,18
3943,11
9789,20
3279,5
6964,12
5050,8
9115,15
4050,8
3980,8
7415,15
436,0
8381,15
6798,14
9771,25
8691,19
8543,25
9608,25
5844,14
416,2
6884,12
1621,4
3266,10
9982,16
3476,8
6510,8
720,0
5893,15
2136,3
8262,28
4695,9
1794,4
3599,10
870,1
4290,6
107,1
6993,14
1977,2
7778,12
3065,5
130,0
8768,24
1173,4
4599,9
5964,18
571,3
5028,12
6801,7
6380,8
4621,5
8507,20
463,0
4497,9
5089,10
6403,13
1123,3
1173,1
150,0
7063,14
7518,22
6506,17
4913,9
6925,8
373,0
4336,8
6938,9
4098,10
9537,20
1440,6
514,0
2174,4
5572,14
4840,15
4395,6
5449,13
8121,13
5814,9
2986,7
5154,15
2727,6
6023,11
7382,8
4097,4
6026,12
4843,10
1641,4
7172,17
439,0
3709,9
8601,18
757,3
7174,9
4734,11
2351,5
2511,2
6417,19
2160,2
8253,16
3380,13
7161,15
8856,21
2935,5
8728,22
936,2
1537,1
4417,6
4552,5
3006,5
1872,4
591,0
8339,16
1781,4
5862,15
2910,4
1646,8
6925,12
1147,1
9612,23
5484,13
6333,15
9121,17
5501,9
583,2
3153,6
7641,13
3799,11
3634,11
8119,14
8897,16
8675,15
7116,16
3755,9
5502,7
572,1
1278,3
1852,4
1168,3
6961,11
2040,4
8667,16
3050,9
5097,9
2123,6
5259,14
9642,13
2268,3
8799,13
1144,0
1864,5
8670,17
6196,10
1083,6
7164,7
9407,20
1762,3
735,1
6306,10
4351,9
8433,20
5069,11
3864,6
6604,5
9886,17
2130,3
4042,2
2224,2
6367,10
4653,5
1239,1
1882,0
4422,8
332,1
7650,13
3388,5
1679,0
2171,2
213,0
6126,14
3605,7
8262,10
1474,2
1065,5
3007,5
4028,7
7451,13
5847,18
8553,22
6421,11
8911,22
3531,7
7395,17
2491,8
3293,8
8361,18
3911,5
3338,7
7138,14
6520,13
227,0
191,0
2603,5
7632,18
1658,0
313,0
5357,7
7363,16
4906,10
6158,12
223,0
4212,8
2530,3
8146,16
2060,7
2583,4
2399,3
5134,8
1822,3
2558,7
6279,16
1796,3
6977,13
3103,10
1658,0
8104,15
5660,9
8828,27
8395,11
8885,13
7589,15
3415,2
361,1
8340,6
3684,11
8729,13
9274,19
1573,7
9943,21
9518,14
4361,10
2512,6
6772,12
6047,10
9243,13
9588,24
8888,16
6567,17
1693,2
7165,16
8443,16
1309,5
6460,14
7260,15
6746,9
9301,21
762,2
861,2
4191,12
5236,5
2788,10
2416,3
7956,12
4755,8
3252,3
3484,7
2063,5
7970,20
7500,15
9619,15
241,0
3517,2
5390,11
7125,13
5031,17
9921,20
4932,11
4318,9
6676,8
6850,10
1921,3
3930,8
4601,10
2348,2
3761,10
3382,4
8748,25
6969,15
1574,3
839,1
662,3
4662,8
1736,1
2873,5
7311,20
6477,13
7311,17
1345,3
8213,17
9285,17
866,0
9295,19
3155,4
8945,16
6956,16
5988,13
8722,18
2122,6
6464,9
8025,15
542,1
4134,13
3473,11
4041,8
7660,15
3529,5
9567,23
3696,10
4006,6
924,3
848,1
6060,12
4670,15
3731,9
5202,11
7381,12
6104,8
8870,18
3918,6
1695,3
6652,12
7674,16
8357,15
7629,10
9447,25
7437,17
4488,12
8573,18
3447,10
5726,11
1870,4
8144,11
6369,16
1755,2
7665,15
5720,10
9063,11
1752,3
7377,16
5029,6
2209,6
9488,24
4055,13
244,1
4601,7
5934,11
3869,8
9594,20
4235,7
4919,7
8045,15
7708,10
5713,11
2980,8
4637,8
4700,9
7363,23
4582,6
242,0
1645,7
3690,10
1834,5
3034,11
8927,22
8334,18
9992,22
1537,3
678,4
2676,7
5912,9
4918,7
543,1
6245,16
9387,11
6289,13
7124,16
5749,11
9723,21
7365,12
3720,8
1860,7
3003,9
3345,6
8723,14
4294,8
6005,12
6180,11
8932,20
6234,15
4415,12
2021,3
8842,15
9747,24
6952,15
7455,17
4885,9
9860,17
2144,3
5919,12
5658,9
5853,6
1013,1
7624,14
4751,5
5719,14
4595,8
4583,4
6695,21
6629,14
2649,7
3819,4
4845,8
6597,7
2937,6
9734,22
4478,12
6849,17
4761,7
2200,4
9126,12
955,4
9213,19
3578,3
5795,14
7575,15
2402,4
3549,6
7411,13
7466,19
2421,5
4967,11
2898,8
5508,11
7149,13
1753,6
9300,15
6401,15
7505,18
2442,3
9979,30
2163,5
8315,19
6636,14
1709,5
7089,10
4337,15
9485,22
2975,10
7818,20
9926,26
6862,20
2250,5
1795,2
7433,19
7646,20
5479,13
3100,11
5022,11
3891,6
634,2
9189,21
1516,3
1336,3
924,3
1832,6
363,2
1134,0
4230,9
3878,7
1179,1
944,6
6581,12
9489,18
9893,23
2459,5
8375,26
5451,14
10060,19
5290,10
5169,7
9180,15
7778,15
8847,17
1392,0
9166,21
7176,17
5920,12
7372,9
1543,2
8490,13
6319,5
2483,10
1514,5
4836,8
2535,8
2755,9
7830,15
3890,9
9696,16
1189,3
1207,1
6666,14
1914,5
3384,5
7744,15
5906,19
6127,15
2302,5
3403,5
6955,12
8447,15
2877,4
3310,2
1376,0
8724,16
8776,21
8639,27
6843,12
6366,15
5259,11
2846,10
2574,3
5199,10
4871,7
4819,9
942,2
4498,11
2572,11
9745,18
948,3
5617,11
1637,4
5276,4
3258,5
6276,15
10051,19
8703,22
2322,4
9733,17
8879,21
5685,8
6620,14
4416,10
6396,16
8292,20
2397,9
419,0
4246,10
5753,13
4272,12
429,0
940,5
103,0
2289,3
2567,5
7373,15
2223,7
2189,3
5685,8
10031,23
7083,16
8376,13
3428,6
7023,12
7526,16
8004,16
6122,15
432,0
2507,7
2400,3
9462,19
7824,15
4389,8
8409,12
2704,4
9947,14
5366,12
535,0
7803,18
1621,1
6728,14
4076,9
2462,5
3262,5
9540,20
1267,3
3420,8
2411,5
846,4
2468,4
7738,25
5154,20
1927,2
137,0
417,1
2600,7
8378,18
5460,9
3043,7
4532,12
3161,10
7049,8
1223,3
1495,5
5685,16
5968,17
2443,2
4509,13
4033,12
2276,3
6413,12
3154,9
3721,9
1437,0
3203,7
1267,6
2762,3
8624,19
6112,9
4115,7
7397,23
5984,10
7114,11
214,0
3531,6
9692,23
6421,13
5127,10
4585,10
1840,1
1692,3
9619,14
4294,10
5665,10
8758,23
1477,4
5609,10
622,0
582,2
863,2
5939,11
2672,2
9072,12
8842,15
3167,9
4200,6
7579,16
3459,0
4499,13
4901,12
9238,19
6038,10
2675,5
484,0
6171,10
6677,13
6622,13
141,0
4271,9
7974,15
6819,11
5893,11
9881,29
9182,19
5818,12
3506,7
7663,15
4502,7
7356,18
9446,14
7351,21
9215,12
6777,14
9910,19
10092,14
540,0
6408,11
4600,13
3199,7
3920,6
1618,5
7436,11
3756,11
4884,11
3704,11
6007,15
2663,6
6266,8
10088,19
4450,11
2742,7
4389,6
3602,9
9654,24
5437,13
809,0
3077,1
6790,14
4029,6
1975,4
6824,16
9868,19
6189,19
5633,12
9820,22
7115,12
5254,12
887,0
5666,6
5107,7
3076,9
4504,7
7119,14
7729,22
1349,1
431,2
9060,13
862,1
2358,3
6661,16
6787,5
8314,21
6284,6
3331,5
1908,4
4338,7
9917,14
1203,2
2798,9
9349,27
5298,12
4397,9
6280,10
955,1
4718,14
6794,14
5913,15
6487,19
8146,25
4165,8
7593,15
9240,19
5448,6
8885,10
7167,13
4138,14
4538,7
4686,8
6421,14
821,1
6699,13
356,0
5912,9
3261,7
4200,7
7913,14
5292,13
3383,6
6374,9
4929,6
7251,13
1805,2
1087,1
4689,13
8750,21
4663,15
256,0
742,0
5318,9
10042,17
2192,4
3761,6
4264,7
1462,1
8846,13
2906,6
4777,7
8917,12
7105,13
2165,5
6713,10
1594,7
6044,16
5087,18
1694,0
9124,9
2313,9
504,0
9083,21
3727,12
6105,8
7996,14
8536,24
2012,3
6164,10
3455,6
2021,5
6168,10
6174,10
2131,5
8907,13
7951,16
9919,23
3635,12
9548,21
773,3
487,1
6245,7
5051,10
7939,17
4445,8
8931,18
3298,10
3531,8
4372,12
6532,22
5102,15
5554,13
5648,11
1631,3
7630,12
8652,15
4272,7
8178,16
10047,23
6392,9
4482,8
6561,15
8580,14
9007,20
10086,17
1081,1
9207,21
6379,9
6529,7
4380,6
317,2
5261,12
1203,4
4700,17
2987,4
3708,12
3097,7
151,0
637,2
9550,26
2430,3
6827,26
880,3
8513,18
1535,3
2905,6
7047,13
4517,8
6248,9
4242,6
9319,27
8088,18
4035,7
9700,26
971,2
4297,10
8577,20
8650,7
9381,22
9811,19
2585,7
3389,8
7903,10
8151,16
1760,4
8720,11
9455,16
4066,7
2640,6
6573,14
4689,7
1729,4
7553,13
2296,7
1749,1
5558,9
4553,12
1775,3
4866,11
1637,6
2418,4
1626,2
6648,15
2632,5
8655,15
4303,12
2886,4
8090,23
1909,4
8699,15
5088,13
4298,10
5559,10
6472,13
2980,10
8199,16
5350,9
8947,15
5244,15
3371,10
9873,25
8171,13
8604,18
8035,23
1549,1
2370,3
8463,13
9322,18
3467,8
3407,7
8248,8
670,0
3152,4
10037,18
1524,3
2310,5
5979,11
6766,7
8762,10
6619,12
536,0
2894,6
6363,5
4346,12
6322,7
6377,13
3868,6
647,2
8684,16
5086,9
7564,18
4946,9
1690,3
3808,6
827,3
3635,9
6397,15
2767,6
7238,16
9465,15
2631,3
253,0
1494,2
1748,4
8049,7
9135,12
1067,1
344,0
378,0
6034,13
6065,12
7438,9
9997,14
5045,14
9020,23
8837,8
9548,23
7729,16
6866,6
2006,4
1259,2
351,2
1505,2
8652,12
1909,2
282,0
606,1
3385,6
2957,5
4128,6
977,1
4016,8
7470,16
2527,3
214,1
5975,9
9944,19
4108,9
7968,20
1976,7
456,0
8193,18
6005,6
8192,20
2929,6
2209,2
9051,19
5829,9
5292,15
7918,15
8391,18
3784,7
4986,12
7517,21
5461,13
8536,17
10061,21
9136,20
2808,5
1033,0
6120,6
6618,13
806,2
6501,18
2247,6
4017,6
6298,11
5018,12
7836,11
3448,7
8765,8
417,0
3030,7
8654,24
8422,27
9133,19
3258,7
8883,14
7040,15
8729,18
1417,2
542,1
6404,12
2564,3
183,0
5683,12
7926,14
4962,14
5497,17
3598,8
1427,4
904,0
3057,5
6490,15
7052,11
5803,15
121,0
5728,12
4677,11
154,0
10078,21
4751,7
4738,8
4413,1
3222,5
1557,3
9477,19
6217,9
4187,3
1862,3
7305,15
4911,5
8067,14
722,1
3160,5
5620,9
9188,21
6311,3
3968,9
7169,8
4860,9
6712,11
7433,9
5062,16
9579,13
7993,18
2876,6
676,1
6070,7
2154,3
3690,8
3286,4
6271,14
7071,16
6975,13
3516,8
5513,5
8039,21
5425,9
1890,5
7562,17
9906,21
931,1
3227,10
7430,13
10036,14
1590,3
4184,7
8335,18
1752,2
6627,19
8967,17
4996,13
1583,4
3613,5
2913,4
6535,10
1175,4
4878,9
826,0
4854,12
9466,25
9738,23
700,1
3295,11
626,4
785,1
7559,18
361,1
339,1
5727,16
4891,6
1749,3
6188,12
423,2
9921,21
7112,19
5207,6
1676,1
437,0
5510,17
8108,23
8001,15
9246,9
9862,22
1337,3
9612,19
3360,8
6908,12
6004,15
2242,6
9797,20
1406,1
10082,14
7070,15
8916,18
1929,2
7771,12
7149,11
4723,11
3876,11
8378,22
8332,19
7343,19
9560,28
9220,22
5233,11
1952,3
9171,16
615,2
2224,3
490,3
7784,15
1377,7
7476,17
5656,6
3975,6
4231,9
4669,11
5344,14
9821,17
3548,7
4502,9
9979,26
6056,9
879,2
6379,9
1415,1
6425,15
163,0
9972,16
9672,13
9859,18
5988,4
8912,19
3589,8
3885,10
5661,11
5199,8
7430,23
6818,17
3012,4
564,1
945,2
5589,12
6751,10
8255,14
310,0
8409,17
3963,6
7234,13
9341,13
4323,10
7390,15
9416,19
9382,16
8143,17
6221,12
4862,15
1709,1
2444,3
10053,14
221,0
6733,14
3901,7
5614,15
8522,13
1723,2
6179,20
6691,18
6761,8
8819,9
1092,0
9062,18
8407,13
2909,6
4191,7
7709,15
5348,8
9685,26
867,2
9903,15
1856,6
8640,25
9162,15
2132,3
8592,17
8385,15
6141,12
911,3
9792,27
10055,21
3075,10
4449,12
9270,22
1511,5
8709,12
9600,18
3936,12
7361,15
6720,13
4132,5
3450,10
9144,17
6992,15
8022,13
643,1
5438,15
2967,11
3976,6
3083,8
5642,11
3786,7
8534,15
2339,7
180,0
8194,19
8887,17
4303,13
7444,21
5026,15
5561,12
2963,5
2165,9
766,3
6636,14
8541,18
4768,12
4635,9
7767,16
4272,10
2174,5
2125,5
975,2
5765,14
4427,14
2807,9
8340,22
9598,11
8273,14
6932,15
2026,3
3715,7
7401,14
5428,8
7664,15
2077,3
7188,13
2942,3
5927,17
4055,4
1414,3
3633,3
4820,10
8638,25
8348,14
9475,16
1789,4
2802,4
9669,18
6939,13
3706,9
3729,11
512,0
4097,12
6641,14
134,0
10032,23
7796,20
4048,9
9890,16
4569,11
6275,8
8532,16
6146,19
430,0
2122,3
5318,8
6097,10
4952,11
2540,5
8857,15
6110,12
9037,22
3989,4
9964,16
1556,2
2287,4
1176,4
4869,5
4669,10
8125,11
7499,17
2991,6
5136,17
888,2
8205,15
8326,20
2496,5
6385,9
1304,5
4799,11
5027,15
8230,16
3627,10
2516,4
6063,14
2916,7
6788,14
7440,12
3688,11
8159,19
4237,10
4408,14
4534,8
205,1
1222,2
9114,14
9364,17
8919,11
4820,11
6257,7
368,1
3673,6
1457,1
6814,9
3339,4
4561,10
7664,12
3536,10
5258,6
6289,14
5428,10
8484,23
2207,1
8447,19
1528,3
613,2
5271,18
6273,12
1899,3
3501,10
292,1
3554,6
9327,12
2036,3
9794,31
7243,13
2305,4
5993,10
4907,8
9986,15
1015,1
8774,15
1053,2
7825,15
7586,16
4476,6
7397,19
5382,9
7420,22
1802,4
4791,10
6352,10
832,1
9013,15
1049,1
9345,18
6292,12
1917,2
4749,7
3702,11
9059,20
6666,11
9359,19
3001,7
370,0
1299,4
1264,0
3174,12
4184,9
4213,11
6853,15
7162,18
2429,4
447,2
1360,3
5299,10
260,1
7957,12
3020,9
2445,4
4877,6
5336,13
8428,26
9728,20
9372,23
5587,9
4140,8
152,0
9707,23
3492,4
3308,8
221,0
2235,3
1724,2
349,2
1465,1
5182,9
7777,20
466,1
7945,18
9778,19
6673,11
4611,12
2913,4
6144,10
2755,9
3864,8
9133,25
445,0
3618,9
7801,18
6008,10
4226,6
6262,12
9266,26
6132,8
2386,9
1649,4
569,3
719,2
5293,10
6268,12
4942,6
2602,5
5676,10
9374,11
6154,18
8615,18
2894,4
8413,16
6982,20
6139,9
169,1
2602,5
5057,5
1385,1
9383,22
3032,9
7768,11
7579,9
5966,13
7627,14
5979,11
3826,4
9717,15
5044,12
9561,25
7959,13
1645,7
1982,2
1494,1
1579,0
4007,11
6819,9
5181,23
441,1
2387,5
1218,1
646,1
5413,12
2829,4
9430,15
907,3
9994,21
1405,2
10086,17
945,0
2344,2
9952,23
6299,16
5414,8
3357,8
5775,14
3715,3
1067,4
2731,1
6591,20
4935,7
2577,7
2907,7
1599,2
6230,14
6936,19
7686,15
1077,4
8793,23
9192,23
6001,21
7053,13
9441,14
3761,6
5732,13
4272,6
5550,7
6742,9
6839,15
8771,13
9873,22
9723,14
4879,5
381,2
6693,18
8698,19
3618,12
2653,2
9908,16
8399,14
7667,14
261,0
9052,19
9505,19
8549,16
133,0
5962,7
7519,16
9835,18
8543,19
334,0
7453,21
8583,14
4243,14
10029,20
7359,21
1391,2
3253,8
5476,10
8306,18
6522,16
2090,3
6963,12
2186,5
8357,13
695,1
7438,13
9024,17
7842,19
1923,4
487,0
412,3
8431,13
3055,7
807,3
5540,12
2243,1
8556,14
6605,14
7492,13
508,0
10022,17
4769,11
8615,14
811,1
3715,6
8868,15
6860,11
8354,15
8599,17
6650,14
8501,19
8936,22
6680,9
1120,4
8809,15
2095,5
2321,2
8741,16
2455,7
6521,9
2487,8
7940,16
7103,11
6033,17
5363,13
8494,13
3283,5
1080,4
3355,10
6576,15
2002,4
8969,14
4217,10
4851,15
1776,2
2449,7
8159,20
2600,3
5852,12
2460,3
5949,8
9354,12
10058,24
992,0
2229,2
9520,17
6317,16
5072,8
5039,5
8024,14
3778,9
7500,16
4642,13
2490,5
2680,4
7264,16
3189,3
2556,5
1998,2
4329,9
7278,12
291,1
2607,6
2025,3
113,0
2106,4
6185,16
3981,7
4822,8
6496,15
5729,14
9058,21
3987,7
7671,13
7010,12
676,2
1808,0
4452,8
3970,8
8521,18
2906,5
9803,18
8195,14
9775,17
5749,11
3017,6
3142,4
5715,14
8561,18
1681,5
5322,18
4810,12
662,1
9867,19
7570,16
309,0
6467,10
3549,7
4344,6
4383,7
884,1
4160,8
1608,3
7254,18
5591,4
8480,15
10065,19
2208,2
208,0
4264,16
2791,4
7304,15
4759,14
6315,6
7745,16
586,0
1472,5
3010,4
4115,14
1996,6
4883,13
5222,6
2943,3
4847,8
9594,17
4770,9
4656,8
5259,8
2233,4
8938,18
2190,6
3178,10
9439,19
5859,11
9135,12
4671,7
3464,6
3756,7
6294,15
4730,13
4326,4
2618,6
1129,1
2969,8
5255,6
5871,11
4161,7
9810,21
5956,14
4360,11
3236,4
4343,11
1692,5
489,0
4323,8
4867,10
4297,4
8392,19
503,1
4762,4
5753,10
8392,11
8890,21
1303,2
7929,13
2152,3
9568,19
3477,7
8224,22
4925,8
6725,11
2783,8
1622,2
2309,6
9977,15
9395,20
7695,21
6186,13
9942,18
5681,13
4234,10
2498,4
5555,13
4664,14
1443,0
3080,7
6162,14
6897,20
6862,12
7314,16
1253,3
9723,17
4939,19
5861,8
6705,8
4052,12
7926,12
6936,15
3764,7
1978,1
592,2
2230,2
9492,22
8560,11
1781,5
821,6
374,1
6995,8
3359,6
2923,7
7911,12
1507,2
4551,11
7957,19
476,0
5216,8
6873,11
6838,12
2915,5
9936,25
2376,3
2198,4
2388,7
8172,16
7562,23
5808,15
7749,22
2163,4
7994,10
9185,21
3033,9
7960,19
3330,9
6604,10
3507,4
6224,8
2535,6
6442,19
3209,3
2159,5
4471,12
3165,8
7425,12
342,0
4489,9
9163,19
3312,6
273,0
5257,16
2856,8
7753,14
4707,9
4748,6
4278,10
5615,9
4711,9
9993,11
2383,2
3405,11
8695,12
8712,18
8419,11
6001,11
506,1
7644,18
3831,6
9097,22
9230,27
1315,1
5953,12
9738,18
4908,9
7710,18
104,0
5119,11
9244,14
10096,17
5049,13
2758,3
7954,20
1420,5
196,2
2114,8
5349,15
7641,16
7061,13
530,1
2444,1
2162,2
709,2
4026,6
1057,2
7752,17
4208,6
2981,4
8890,17
7689,16
5188,9
5162,17
5894,10
6473,10
6070,14
9250,13
2869,4
6266,12
9374,17
3145,8
8805,20
946,3
6339,15
8060,10
2260,5
6955,19
205,1
1332,2
2864,8
7968,21
9455,10
1331,2
1279,2
2380,5
1754,5
1283,0
2588,6
3659,5
238,0
659,2
3907,8
7051,17
9005,29
9516,13
3373,8
9881,16
8912,19
6376,9
2478,2
4874,11
3602,13
9354,21
5142,12
7776,8
5560,12
8311,17
1058,3
3317,8
6510,13
1153,1
2312,7
128,0
390,0
6199,10
2507,2
8222,12
1888,0
3106,3
3133,8
109,0
797,1
4534,7
2568,5
10076,14
2710,5
997,3
859,4
8778,21
7183,19
1276,3
2699,6
4764,10
6436,18
3576,11
501,1
9089,19
9063,22
1800,5
5681,16
6453,16
1509,3
1207,3
282,1
4929,12
4861,10
4774,10
3800,7
7932,18
8417,22
9579,18
7434,19
5310,2
8342,17
6733,7
6697,11
2051,3
7104,13
3886,5
337,0
7315,13
4309,7
3767,4
9574,20
7685,17
4515,10
1110,3
8786,19
1433,0
2366,2
8116,13
5028,12
3712,11
5657,14
2202,4
2708,8
6915,10
5165,6
4484,20
9677,18
3799,9
863,0
1773,2
1874,1
1057,1
5503,9
6665,11
3862,10
9689,20
7409,23
1719,6
3558,6
948,2
4536,6
974,0
9426,16
5350,12
4601,10
1819,3
3513,10
6087,14
7593,20
3330,2
3941,7
10055,18
1834,4
5040,9
537,1
1842,6
5661,5
1536,2
8183,16
6760,23
4114,11
5948,15
8198,18
5494,12
5270,20
8042,24
6152,14
7748,12
1573,2
609,0
7589,17
609,0
5627,11
9465,18
7671,13
1014,4
2838,5
6964,15
2368,8
1897,4
5489,16
2888,4
8880,20
8683,22
7607,11
6023,16
2791,1
286,0
9368,22
7150,16
7396,22
5428,8
8806,19
8376,18
2448,5
6059,12
8424,14
2306,1
7470,16
5911,12
5297,14
824,0
6009,6
2350,3
4313,9
8986,19
9711,24
5666,16
6347,18
9569,12
6234,12
5443,15
1788,6
4153,7
9293,20
2206,3
10007,21
5512,5
8662,25
1812,2
5200,14
615,0
5335,6
1208,2
9602,21
3666,11
8642,10
1053,5
6816,17
7218,18
1597,4
1597,1
1780,9
6051,9
784,1
8906,15
7387,18
9406,17
1623,1
7353,16
1847,4
4415,10
9474,19
584,3
8657,19
5357,8
8003,14
3569,7
7200,13
8846,16
2375,8
9460,18
5259,8
8516,19
6985,13
1212,4
8806,27
9542,20
2544,6
960,1
3564,5
8552,22
6842,14
9300,25
9313,13
6111,9
5150,11
352,0
2009,4
7490,13
6559,16
1664,1
7036,14
641,1
8080,26
9502,13
1390,4
2288,2
5401,11
4778,12
1061,0
8942,9
8254,10
9306,10
3853,10
5438,13
3824,8
2138,2
6872,12
7879,11
2507,5
2586,2
2623,5
7758,10
2367,3
9011,20
7813,17
4635,7
6090,16
1642,1
2047,3
9772,17
3573,11
777,2
8885,20
6461,14
5847,6
2666,1
6578,8
485,0
435,1
6362,8
455,3
1433,3
5057,5
8042,16
7572,16
3034,2
8732,11
1398,7
2567,4
8901,19
7153,14
3071,6
8208,15
2248,2
4837,12
2646,2
4755,11
7094,15
9504,15
4819,10
4978,11
193,0
6144,13
1974,4
4422,11
5240,11
9087,27
9387,14
4273,11
3093,7
1416,1
9022,14
3795,11
4139,4
6351,14
1769,2
5294,15
726,1
7035,8
4119,9
1537,2
793,0
4009,8
705,0
4753,9
5946,13
7739,14
2846,8
3996,10
2760,11
2906,5
2243,8
1010,1
1965,6
9483,21
5990,10
2796,7
1497,5
8878,14
2577,5
6695,12
2747,8
6775,11
1261,2
8620,15
556,0
612,0
4271,8
927,1
7509,10
9721,24
4878,14
5287,7
7135,15
3138,2
6237,9
8012,13
9306,17
7808,19
802,3
6955,6
2276,3
10068,15
8244,16
9441,20
9809,19
7551,21
9692,20
1763,3
2084,2
4357,11
3143,6
3338,5
7580,18
4891,9
6581,9
730,3
9204,25
511,0
7774,17
9401,22
7800,14
9908,28
9615,17
9833,19
6615,17
1048,5
9221,16
5885,5
2898,6
2331,7
2440,7
1158,1
1228,2
3015,3
1955,4
4517,12
6984,15
2946,6
1302,7
9154,26
2321,3
4774,7
6756,17
6490,10
318,1
117,0
6118,15
7011,20
8094,9
3223,6
1575,4
7128,9
8190,6
538,3
9209,28
2807,1
9762,23
652,1
8335,21
395,1
1003,0
1692,4
4283,14
2569,5
9498,20
7650,11
1457,3
3765,10
8328,14
6633,14
5679,8
7513,11
5440,11
1145,1
5809,10
4765,12
4818,5
1443,4
6404,10
3652,9
9153,17
10098,15
7525,13
6394,10
7409,9
199,0
3792,10
2469,3
6114,9
9430,13
6023,12
222,0
3517,12
6635,16
5564,11
10011,25
1743,5
8575,22
8567,25
5312,11
9579,12
7319,20
721,1
4789,14
1923,4
6879,16
7068,7
8952,18
4558,8
6625,14
9925,21
7059,13
10097,17
6805,12
6023,7
1845,1
1364,3
1124,4
5261,11
9886,23
1080,0
9183,14
3888,6
7021,14
2861,7
9789,26
9183,17
3874,6
5294,9
5114,7
1372,4
1029,3
6441,13
3241,4
1959,4
8463,18
4245,9
7894,17
4418,13
6450,9
2155,7
4785,10
1920,3
9865,15
5380,9
527,2
4326,12
5195,15
4852,6
7347,25
9803,15
3409,9
9038,14
9985,18
8554,14
503,1
1704,4
2135,4
4433,8
6772,14
2968,6
3497,6
3673,9
9244,21
9295,15
9306,23
6100,9
7029,11
4808,10
1822,2
519,0
4557,10
437,0
3573,5
4670,7
3480,6
4408,5
5465,12
572,1
6457,18
1388,2
5711,10
3978,4
4602,8
9129,19
1787,4
1139,3
6518,8
5404,4
4000,5
5529,13
2908,8
10089,22
6961,18
1042,3
7867,12
7199,10
4310,5
4262,6
4933,9
1089,4
3327,5
6086,8
9596,18
5840,13
1089,3
3450,9
7153,12
9056,16
5736,17
9284,16
8854,20
3712,9
4109,4
238,0
4832,12
7811,19
4380,7
190,0
1117,0
879,4
589,0
4367,9
7306,20
9108,22
2276,3
4669,10
5814,13
7808,17
6894,16
7483,10
4385,2
2808,8
1395,1
595,1
7287,16
8192,15
8917,20
5989,13
1906,3
9338,17
5696,8
6469,2
4830,6
9402,22
8578,15
4941,13
1707,7
2488,5
5537,13
573,0
9766,31
8792,17
8379,16
6585,12
6520,10
2465,3
4431,10
5598,16
3818,5
4898,6
7691,9
4470,10
2538,12
8032,17
1395,6
3538,10
3674,8
3139,4
5095,7
5894,15
7753,13
3967,11
1943,6
6916,13
8238,15
8925,17
5898,7
6924,16
9617,21
9350,15
3472,13
10019,19
10072,16
5718,6
8079,11
1486,2
10037,27
1193,1
4996,17
8834,24
8518,27
9087,12
1238,1
7834,18
6282,13
8011,23
964,0
2471,6
2513,3
8163,23
3785,4
1795,3
2213,5
7192,21
7608,12
9489,20
6593,9
4829,9
2061,6
2498,3
4356,5
8244,18
6017,12
8226,21
6031,9
8691,19
8089,13
2922,7
3409,6
9288,21
7483,19
1253,4
4090,8
7245,9
361,0
6624,3
7507,10
1261,2
951,3
2489,8
772,1
8346,17
1222,1
3102,4
9626,23
3658,7
622,2
7443,15
2027,3
2770,9
2979,11
9640,17
3090,14
8199,15
8059,10
2417,3
8180,12
2068,6
5522,11
2564,13
8583,20
9801,22
586,0
5428,11
2364,7
4165,8
4192,6
6284,10
4482,13
4802,8
5191,10
1301,5
1132,2
1758,3
7499,10
6595,5
3384,10
770,1
7621,24
8786,23
708,1
8306,14
2578,8
4658,13
8008,23
4302,6
404,0
8164,14
889,0
6162,9
5789,10
4167,10
6997,15
5254,4
705,0
8969,15
5776,10
4709,15
1881,2
5540,8
2569,4
2833,4
2321,4
2105,6
3419,7
2843,3
3445,3
5063,13
2365,4
926,4
4324,6
5042,7
1883,1
5081,8
7595,13
9565,17
6945,14
5881,13
4187,11
3580,10
4049,9
861,1
2972,6
7503,9
9830,25
7266,20
1120,1
3662,8
1785,5
4826,10
8995,13
5345,6
805,3
5328,7
3033,8
8934,26
4614,7
4572,9
1275,2
7870,14
571,3
5005,13
3705,7
2680,5
5504,8
2812,7
1306,4
8141,21
1164,1
3357,8
3562,8
8778,17
887,1
8086,19
130,0
6361,15
7431,11
757,0
5698,15
3181,8
6265,17
3049,5
7880,14
5750,7
834,3
8193,17
8732,12
2663,7
9131,13
7944,15
7431,13
1442,4
1291,6
8044,16
2516,2
6709,16
5070,4
953,1
1744,4
2038,4
7888,15
9672,15
2665,2
5817,10
2545,4
2543,6
8418,20
5410,10
6970,19
2933,4
8482,20
9238,20
570,2
3801,6
733,0
805,4
9978,14
6144,15
208,0
4085,9
1740,3
4333,11
8013,20
8409,20
9294,20
10071,21
9533,15
326,0
4405,10
7067,15
6086,10
6789,13
6053,14
4445,6
7489,16
6635,14
262,0
6106,15
2671,3
6813,24
6615,12
4749,10
904,1
6270,9
10088,14
8447,20
5600,7
3196,5
9024,18
6554,12
6341,12
7322,12
7406,13
5663,8
8747,16
9513,12
7433,13
2478,6
3082,7
3238,10
544,0
7676,11
5423,9
9470,21
5762,14
8522,8
8386,17
9537,25
3981,15
5022,6
1902,3
1258,2
7706,13
6814,10
2336,6
8403,17
1808,9
823,1
7281,14
1710,5
2053,0
4165,10
7065,16
2393,4
439,1
6558,9
833,3
10087,19
9992,17
2197,2
2932,7
4289,7
6149,11
7167,16
304,2
605,4
6653,16
4213,7
252,0
5346,16
2826,4
5068,9
9669,19
4774,8
4231,11
4024,4
5490,12
3806,4
1169,2
1644,3
6342,19
2448,7
6416,15
5808,8
1514,0
4807,9
8073,21
7617,15
5894,13
4469,10
9038,22
2189,4
7382,20
3471,7
8101,19
8680,22
1043,1
2799,6
1687,3
8694,18
8650,14
1994,5
3830,12
8374,14
5783,11
9876,25
899,1
1276,2
3475,4
4223,9
4797,8
7478,17
974,1
2847,8
548,2
508,2
1413,7
4098,8
7415,15
9186,19
8835,25
6842,17
1368,2
2677,8
3734,7
9973,19
10011,21
1928,3
5062,5
2562,9
2249,3
1477,3
4386,6
2789,4
5349,16
6927,16
321,0
5289,7
8536,24
8294,23
9523,14
8942,15
7643,22
6784,15
2157,9
7477,17
5727,9
3830,9
837,2
482,0
5653,8
6879,17
5930,13
8931,20
2481,7
1271,4
9216,20
6241,14
2671,1
1457,4
5486,10
5634,6
8223,16
5611,12
5824,10
8074,8
9895,15
4313,7
9108,18
6128,17
3312,5
7177,14
8261,6
3750,10
7838,22
5697,5
7119,17
6963,18
1849,2
7094,11
9426,13
458,0
1566,2
1335,2
2582,6
3654,10
7805,18
4381,13
8723,10
8339,16
7071,20
6593,8
5382,10
7614,14
9997,14
7863,10
1974,5
5651,11
486,1
1408,2
9419,21
2317,4
5341,13
5526,16
7046,16
4030,11
8471,15
6133,10
1748,4
1086,1
759,3
1291,3
1509,0
8714,12
6581,15
6893,14
147,0
8242,21
1618,2
3989,6
8853,14
6767,16
7282,15
2675,3
8810,15
859,2
7204,10
3446,4
3236,8
7396,12
4745,8
3159,5
3171,3
5205,13
1556,3
1237,1
1926,6
8736,18
1244,3
6869,18
152,0
8996,15
2626,3
6448,11
3441,10
3379,10
7820,16
8567,17
5613,12
5105,9
7196,10
6679,14
10054,23
5684,14
3003,9
5091,12
2480,2
8192,24
6637,13
4941,11
6639,9
7333,18
4920,7
2131,7
7170,12
833,0
7150,7
7972,14
594,2
1979,8
8505,13
9047,15
3763,12
8939,17
5836,12
7207,16
5226,9
7154,17
3776,4
7135,13
5896,16
6644,23
7038,18
1159,3
7888,15
741,0
554,0
5772,15
7126,11
3556,5
3254,9
6571,18
8892,22
2732,2
2782,3
3842,6
4854,9
665,2
9836,20
3805,7
4936,7
8183,16
3452,7
7963,20
7268,15
2298,8
3240,8
7232,16
5833,10
8351,12
1964,4
9472,25
4662,10
5051,8
5580,7
3603,7
1033,2
4724,11
4071,5
8153,13
10091,19
9555,20
6314,13
5500,5
852,3
4478,13
3504,12
4721,13
2102,4
1728,3
7166,12
9136,12
9187,31
7835,18
4693,12
1891,1
8411,20
4092,7
2505,6
5693,6
5000,11
3321,8
7797,21
7099,15
208,0
5399,14
6257,10
2353,3
3365,8
7116,15
3485,10
7574,15
9473,22
6833,22
4970,10
9039,19
3506,3
2464,7
7097,21
568,2
9766,14
6201,14
8423,18
7898,8
2867,10
8839,18
3443,8
7741,14
4340,10
3075,2
6435,12
5305,12
9416,17
6366,12
4495,12
119,1
8048,15
2081,5
666,2
3315,5
3802,8
6312,20
9240,13
464,0
579,0
2119,2
8252,16
3485,6
8398,15
2984,5
9660,16
3193,5
5979,12
1503,4
1226,2
7292,21
2543,8
657,3
10000,24
4393,11
212,1
5005,10
4287,7
6111,16
7034,12
4347,10
3098,8
4560,6
7928,17
3357,3
9906,21
7915,17
5446,15
2318,5
110,0
8739,14
7730,11
8146,9
2307,4
4739,12
6996,17
8551,11
8095,20
3499,4
2893,9
3223,7
2410,5
5784,12
5748,11
134,1
637,0
8946,17
753,0
9600,23
742,3
8461,17
4057,7
1422,2
1176,3
6186,8
845,1
4395,10
1846,5
1304,2
8508,16
5623,7
889,3
6767,14
607,0
6924,10
6680,14
2099,2
9009,16
8741,19
6651,17
1055,1
8865,16
149,0
8604,13
6121,10
5663,7
6042,12
2558,0
9663,17
3101,7
4274,4
3173,6
2009,4
5020,12
5746,6
4022,4
5033,8
7905,15
5462,7
4513,13
1524,2
6180,12
3013,6
1868,2
1146,0
7602,13
4286,8
10068,25
7650,14
2163,5
1082,3
6848,15
7639,11
2008,1
6725,10
9424,14
3042,8
6970,15
9262,14
5551,12
3810,10
2311,9
1007,0
9259,14
8155,17
5743,14
8472,14
9309,25
8111,23
7354,13
7861,14
9021,21
4927,12
5270,12
7955,15
5323,8
1945,3
702,0
7669,15
6824,17
3668,8
3806,12
647,0
7082,7
1618,2
1252,2
9282,17
9074,20
4986,14
6577,11
7900,16
6874,16
472,0
6075,11
9309,22
7431,22
2278,1
5297,12
3668,6
10042,16
2334,5
9018,16
5430,12
5200,7
3591,8
9524,10
6263,17
1304,2
2186,6
2260,2
4917,12
1843,3
4205,8
3682,10
1114,1
1000,1
1026,1
2035,5
4590,14
5464,11
3103,7
4238,4
2342,4
6390,14
3812,8
5127,8
9955,15
9460,13
6761,16
2943,5
3105,2
4037,8
8500,18
4248,7
2775,10
2461,9
1362,3
7821,15
613,2
1165,2
1335,1
8320,13
2785,8
9040,19
5921,11
5697,13
8146,19
9274,12
354,2
8039,11
8337,20
380,0
1001,2
785,1
9535,18
8193,17
8094,12
5070,12
7280,11
3219,7
6860,11
8631,21
4806,15
534,0
9663,21
2338,4
1070,2
3520,5
5906,17
857,2
5082,11
2714,4
4689,8
6377,15
7305,15
5247,10
9529,22
9702,19
5290,15
2781,8
8658,9
8486,16
8545,14
7910,14
2155,2
5077,8
2707,6
904,1
2403,2
6714,6
4212,14
1769,5
7474,10
8406,11
3165,11
6282,10
375,1
5906,13
5895,22
3097,6
3542,4
4538,6
3770,10
2068,5
7702,17
2782,5
7564,18
7106,15
6883,14
3415,11
7038,11
4337,3
5195,10
9421,21
2660,3
9811,19
1629,4
5364,12
5932,10
4456,4
8102,23
1869,4
4166,12
5287,11
6958,12
2210,5
1460,3
6864,8
7304,7
2902,5
5753,10
8946,17
2621,5
2639,3
5067,11
7028,10
5148,10
3916,15
7063,14
2052,2
5057,9
7461,12
8617,10
8859,27
3529,8
5237,7
8874,28
4627,12
10085,23
4195,13
6692,18
7742,18
767,1
9758,30
3179,7
8459,19
1679,3
3993,13
3685,7
7532,13
2168,3
7069,18
7748,18
1456,1
2911,3
5851,6
1798,4
3533,13
9474,20
433,1
4305,5
9223,16
467,2
642,2
2932,5
9122,14
7440,15
6376,14
7024,16
3839,10
7493,22
2854,3
714,2
6243,11
5337,12
688,1
185,1
5312,6
4783,9
3885,10
2880,5
9653,21
6271,11
2649,4
1548,4
5822,9
8621,23
5839,14
1056,2
2119,2
5989,12
1520,2
304,1
9588,23
6371,12
9770,16
4441,9
5628,8
3275,7
3285,3
9703,11
3113,8
2412,5
5468,14
727,1
5062,5
1757,2
8198,19
4404,7
2606,4
7968,13
6435,9
1209,3
1997,2
1514,2
7618,15
8250,19
5963,12
6031,8
1414,2
2165,4
9915,24
9678,23
8530,20
5320,9
3634,8
8456,17
2463,5
2470,5
6722,22
2604,3
8204,14
1548,6
3855,11
8604,18
5422,13
2877,8
235,0
7272,25
9830,14
5863,14
7053,23
5430,13
3479,11
7463,13
7424,10
2738,6
5724,2
8971,14
1967,3
9502,19
8118,9
5030,14
7392,18
4729,6
2886,7
1440,3
3083,11
5275,6
4177,6
3683,6
4203,5
2849,7
6987,11
5190,10
4956,10
2202,6
8597,21
4043,12
8511,14
7427,12
3648,11
10004,29
8289,21
1011,1
5860,13
9913,20
4293,6
2935,11
321,0
2491,4
6392,17
8396,18
3080,1
4410,5
1920,2
5768,8
1836,6
3910,9
7444,14
6336,11
